id,logType,enableAssert,pass,paramCount,domesticTips,zhMessage,,zhFixedTips,enMessage,enFixedTips
10000,Error,TRUE,TRUE,,,"Error,上级类中的MetaClass没有绑定!!",,检查类定义关键字、继承/接口与成员声明顺序。,,
10001,Error,TRUE,FALSE,,,已添加了空间命名节点，不允许有重复名称的类节点再次添加,,检查类定义关键字、继承/接口与成员声明顺序。,,
10002,Error,TRUE,FALSE,,,Error 查到内部不是内部内，可能有相同成员,,根据错误位置检查语法与类型约束，必要时参考 DebugCode 输出链路定位。,,
10003,Error,TRUE,FALSE,,,Error 查到内部不是内部内，可能有相同成员,,根据错误位置检查语法与类型约束，必要时参考 DebugCode 输出链路定位。,,
10004,Error,TRUE,FALSE,,,命名空间中，已定义其它非命名空间的类型 !!,,检查类定义关键字、继承/接口与成员声明顺序。,,
10005,Error,TRUE,FALSE,,,类:,,检查类定义关键字、继承/接口与成员声明顺序。,,
10006,Error,TRUE,FALSE,,,类:,,检查类定义关键字、继承/接口与成员声明顺序。,,
10007,Error,TRUE,FALSE,,,类:,,检查类定义关键字、继承/接口与成员声明顺序。,,
10008,Error,TRUE,FALSE,,,类:,,检查类定义关键字、继承/接口与成员声明顺序。,,
10009,Error,TRUE,FALSE,,,Error 使用的强定制类节点的方式中，没有查找到相关的类，所以不允许定义该类，请先在工程中定义类,,检查类定义关键字、继承/接口与成员声明顺序。,,
10010,Error,TRUE,FALSE,,,Class 中，使用关键字，不允许使用Const,,检查类定义关键字、继承/接口与成员声明顺序。,,
10011,Error,TRUE,FALSE,,,查找接口类中的要实现的函数，实现失败函数名称,,检查函数签名、参数数量与静态/实例调用方式。,,
10012,Error,TRUE,FALSE,,,Error 在类的值: ,,检查类定义关键字、继承/接口与成员声明顺序。,,
10013,Error,TRUE,FALSE,,,找到了已有命名空间而不是要继承的类!!,,检查类定义关键字、继承/接口与成员声明顺序。,,
10014,Error,TRUE,FALSE,,, CheckExtendAndInterface 在判断继承的时候，发没的:,,根据错误位置检查语法与类型约束，必要时参考 DebugCode 输出链路定位。,,
10015,Error,TRUE,FALSE,,,CreateExpressNode FileMetaBaseTerm 为空 !!,,根据错误位置检查语法与类型约束，必要时参考 DebugCode 输出链路定位。,,
10016,Error,TRUE,FALSE,,,不允许使用If语句!!,,根据错误位置检查语法与类型约束，必要时参考 DebugCode 输出链路定位。,,
10017,Error,TRUE,FALSE,,,不允许使用Switch语句!!,,根据错误位置检查语法与类型约束，必要时参考 DebugCode 输出链路定位。,,
10018,Error,TRUE,FALSE,,,不允许使用Switch语句!!,,根据错误位置检查语法与类型约束，必要时参考 DebugCode 输出链路定位。,,
10019,Error,TRUE,FALSE,,,Error CreateExpressNode 创建表达项不能为符号,,根据错误位置检查语法与类型约束，必要时参考 DebugCode 输出链路定位。,,
10020,Error,TRUE,FALSE,,,Error CreateExpressNode 创建表达项不能为符号,,根据错误位置检查语法与类型约束，必要时参考 DebugCode 输出链路定位。,,
10021,Error,TRUE,FALSE,,, Error VisitFileMetaExpress fileMetaNode 不是符号!!,,根据错误位置检查语法与类型约束，必要时参考 DebugCode 输出链路定位。,,
10022,Error,TRUE,FALSE,,, Error VisitFileMetaExpress left and right都为空!!,,根据错误位置检查语法与类型约束，必要时参考 DebugCode 输出链路定位。,,
10023,Error,TRUE,FALSE,,,Error Optimaze don't support that ExpressType,,根据错误位置检查语法与类型约束，必要时参考 DebugCode 输出链路定位。,,
10024,Error,TRUE,FALSE,,,Error 连接串没有找到合适的节点  360!!!,,根据错误位置检查语法与类型约束，必要时参考 DebugCode 输出链路定位。,,
10025,Error,TRUE,FALSE,,,Error 数组不能超过三维!!,,检查数组维度、下标范围和初始化格式。,,
10026,Error,TRUE,FALSE,,,Error 数组不能超过三维!!,,检查数组维度、下标范围和初始化格式。,,
10027,Error,TRUE,FALSE,,,Parse Statement Error 在使用NewClassName的方式，后边不允许有其它的调用!,,检查构造调用形式，确认是否允许在当前位置使用。,,
10028,Error,TRUE,FALSE,,,Parse 使用[][][] 访问超过了数组的维度!,,检查数组维度、下标范围和初始化格式。,,
10029,Error,TRUE,FALSE,,,Error 解析执行链出错,,根据错误位置检查语法与类型约束，必要时参考 DebugCode 输出链路定位。,,
10030,Error,TRUE,FALSE,,,解析嵌套expressList 的时候发生了问题!,,根据错误位置检查语法与类型约束，必要时参考 DebugCode 输出链路定位。,,
10031,Error,TRUE,FALSE,,,Error 使用NewClass方式，后边不允许跟其它变量相关内容!,,检查构造调用形式，确认是否允许在当前位置使用。,,
10032,Error,TRUE,FALSE,,,Meta Common Parse IteratorVariable----------------------------------------------------,,根据错误位置检查语法与类型约束，必要时参考 DebugCode 输出链路定位。,,
10033,Error,TRUE,FALSE,,,Error MetaStatements Parse  不允许使用其它连接符!!,,根据错误位置检查语法与类型约束，必要时参考 DebugCode 输出链路定位。,,
10034,Error,TRUE,FALSE,,,Error MetaStatements Parse  不允许使用其它连接符!!,,根据错误位置检查语法与类型约束，必要时参考 DebugCode 输出链路定位。,,
10035,Error,TRUE,FALSE,,,Error 定义原数据为空!! ,,根据错误位置检查语法与类型约束，必要时参考 DebugCode 输出链路定位。,,
10036,Error,TRUE,FALSE,,,Error 不能使用输入()中的内容 0号位的没有内容!!,,根据错误位置检查语法与类型约束，必要时参考 DebugCode 输出链路定位。,,
10037,Error,TRUE,FALSE,,,Error 不支持表达式类型!!,,检查类定义关键字、继承/接口与成员声明顺序。,,
10038,Error,TRUE,FALSE,,,Error 前边节点没有发现MetaBase!!,,根据错误位置检查语法与类型约束，必要时参考 DebugCode 输出链路定位。,,
10039,Error,TRUE,TRUE,,,Error 在Array.后边如果使用变量或者是数字常量，必须使用Array.$方式!!,,检查变量是否已定义、作用域与赋值表达式类型。,,
10040,Error,TRUE,FALSE,,,Error 不允许global的函数形式!!,,检查函数签名、参数数量与静态/实例调用方式。,,
10041,Error,TRUE,FALSE,,,Error  不允许 使用global 只有第一位置可以使用This关键字,,根据错误位置检查语法与类型约束，必要时参考 DebugCode 输出链路定位。,,
10042,Error,TRUE,FALSE,,,Error 不允许new是非函数形式出现!!,,检查构造调用形式，确认是否允许在当前位置使用。,,
10043,Error,TRUE,FALSE,,,Error 没有前置定义类型!!,,检查类定义关键字、继承/接口与成员声明顺序。,,
10044,Error,TRUE,FALSE,,,Error 没有找到 关于类中,,检查类定义关键字、继承/接口与成员声明顺序。,,
10045,Error,TRUE,FALSE,,,Error 只有第一位置可以使用new关键字,,检查构造调用形式，确认是否允许在当前位置使用。,,
10046,Error,TRUE,FALSE,,,Error 不允许在成员变量中使用this关键字,,检查变量是否已定义、作用域与赋值表达式类型。,,
10047,Error,TRUE,FALSE,,,Error 不允许在输入变量中中使用this关键字,,检查变量是否已定义、作用域与赋值表达式类型。,,
10048,Error,TRUE,FALSE,,,Error 不允许this的函数形式!!,,检查函数签名、参数数量与静态/实例调用方式。,,
10049,Error,TRUE,FALSE,,,Error 只有第一位置可以使用This关键字,,根据错误位置检查语法与类型约束，必要时参考 DebugCode 输出链路定位。,,
10050,Error,TRUE,FALSE,,,Error 不允许在成员变量中使用base关键字,,检查变量是否已定义、作用域与赋值表达式类型。,,
10051,Error,TRUE,FALSE,,,Error 不允许在输入变量中中使用base关键字,,检查变量是否已定义、作用域与赋值表达式类型。,,
10052,Error,TRUE,FALSE,,,Error 使用base没有找到父节点!!,,根据错误位置检查语法与类型约束，必要时参考 DebugCode 输出链路定位。,,
10053,Error,TRUE,FALSE,,,Error 不允许base的函数形式!!,,检查函数签名、参数数量与静态/实例调用方式。,,
10054,Error,TRUE,FALSE,,,Error 只有第一位置可以使用base关键字,,根据错误位置检查语法与类型约束，必要时参考 DebugCode 输出链路定位。,,
10055,Error,TRUE,FALSE,,,Error 没有发该RetMC的类别MetaCommon,,检查类定义关键字、继承/接口与成员声明顺序。,,
10056,Error,TRUE,FALSE,,,Error 调用非静态成员，不能使用Class.Variable的方式!,,检查函数签名、参数数量与静态/实例调用方式。,,
10057,Error,TRUE,FALSE,,,Error 不允许使用构造函数,,检查构造调用形式，确认是否允许在当前位置使用。,,
10058,Error,TRUE,FALSE,,,Error 调用非静态成员，不能使用Class.Variable的方式!,,检查函数签名、参数数量与静态/实例调用方式。,,
10059,Error,TRUE,FALSE,,,不能使用Enum.metaVariable(2) 这样的格式!,,检查 enum 成员赋值规则与成员类型一致性。,,
10060,Error,TRUE,FALSE,,,Error 不能使用Enum.xxxx未发现后续!,,检查 enum 成员赋值规则与成员类型一致性。,,
10061,Error,TRUE,FALSE,,,没有推算出相当的类型,,检查类定义关键字、继承/接口与成员声明顺序。,,
10062,Error,TRUE,FALSE,,,Error 函数没有返回类型,,检查函数签名、参数数量与静态/实例调用方式。,,
10063,Error,TRUE,FALSE,,,Error 暂不支持上节点的类型: ,,检查类定义关键字、继承/接口与成员声明顺序。,,
10064,Error,TRUE,FALSE,,,Error 函数调用与命名空间冲突!!,,检查函数签名、参数数量与静态/实例调用方式。,,
10065,Error,TRUE,FALSE,,,Error 没有找到 关于类中,,检查类定义关键字、继承/接口与成员声明顺序。,,
10066,Error,TRUE,FALSE,,,"Error 在InputParam 里边，构建函数，只允许 使用ClassName() 的方式, ",,检查函数签名、参数数量与静态/实例调用方式。,,
10067,Error,TRUE,FALSE,,,Error 当前位置不允许有函数调用方式使用!!!,,检查函数签名、参数数量与静态/实例调用方式。,,
10068,Error,TRUE,FALSE,,,"Error 在InputParam 里边，构建函数，只允许 使用ClassName() 的方式, ",,检查函数签名、参数数量与静态/实例调用方式。,,
10069,Error,TRUE,FALSE,,,Error 使用函数调用与当前节点不吻合!!,,检查函数签名、参数数量与静态/实例调用方式。,,
10070,Error,TRUE,FALSE,,,Error 1 静态调用，不能调用非静态字段!!,,检查函数签名、参数数量与静态/实例调用方式。,,
10071,Error,TRUE,FALSE,,,Error !! 非函数类型!!,,检查函数签名、参数数量与静态/实例调用方式。,,
10072,Error,TRUE,FALSE,,,数组下标记超过了！,,检查数组维度、下标范围和初始化格式。,,
10073,Error,TRUE,FALSE,,,非数组的处理！,,检查数组维度、下标范围和初始化格式。,,
10074,Error,TRUE,FALSE,,,没有找到适合的访问节点的变量一类的！,,检查变量是否已定义、作用域与赋值表达式类型。,,
10075,Error,TRUE,FALSE,,,Error 没有发该RetMC的类别MetaCommon,,检查类定义关键字、继承/接口与成员声明顺序。,,
10076,Error,TRUE,TRUE,,,第一位的成员变量名称必须是个静态变量才可以哇!,,检查变量是否已定义、作用域与赋值表达式类型。,,
10077,Error,TRUE,TRUE,,,第一位的成员函数名称必须是个静态函数才可以哇!,,检查函数签名、参数数量与静态/实例调用方式。,,
10078,Error,TRUE,FALSE,,,没有发现实体的模板类!!,,检查模板定义与使用是否匹配，确认约束与实参数量正确。,,
10079,Error,TRUE,FALSE,,,Error 设置notStatic时，没有找到相应的变量!,,检查变量是否已定义、作用域与赋值表达式类型。,,
10080,Error,TRUE,FALSE,,,已绑定过了继承类 : ,,检查类定义关键字、继承/接口与成员声明顺序。,,
10081,Error,TRUE,FALSE,,,已绑定过了继承类 : ,,检查类定义关键字、继承/接口与成员声明顺序。,,
10082,Error,TRUE,FALSE,,,没有发现继承类的类型!!! ,,检查类定义关键字、继承/接口与成员声明顺序。,,
10083,Error,TRUE,FALSE,,,没有找到接口相关的定义类!!,,检查类定义关键字、继承/接口与成员声明顺序。,,
10084,Assert,TRUE,TRUE,,,严重错误，必须在接口类型中，要实现接口的函数,,检查函数签名、参数数量与静态/实例调用方式。,,
10085,Error,TRUE,FALSE,,,Error MetaClass MemberVarAndFunc已有定义类: ,,检查类定义关键字、继承/接口与成员声明顺序。,,
10086,Error,TRUE,FALSE,,,Error MetaClass MemberVarAndFunc已有定义类: ,,检查类定义关键字、继承/接口与成员声明顺序。,,
10087,Error,TRUE,FALSE,,,Error MetaClass MemberVarAndFunc已有定义类: ,,检查类定义关键字、继承/接口与成员声明顺序。,,
10088,Error,TRUE,FALSE,,,没有找发现默认构造函数,,检查构造调用形式，确认是否允许在当前位置使用。,,
10089,Error,TRUE,FALSE,,,重复添加接口,,根据错误位置检查语法与类型约束，必要时参考 DebugCode 输出链路定位。,,
10090,Error,TRUE,FALSE,,,Error MetaData MetaDataMember已有定义类: ,,检查类定义关键字、继承/接口与成员声明顺序。,,
10091,Error,TRUE,FALSE,,,Error Data中不允许有Variable 和 Function!!,,根据错误位置检查语法与类型约束，必要时参考 DebugCode 输出链路定位。,,
10092,Error,TRUE,FALSE,,,Error Enum中不允许有Function!!,,检查 enum 成员赋值规则与成员类型一致性。,,
10093,Error,TRUE,FALSE,,,Error 在Enum定义中，不允许使用Template模板的形式!,,检查模板定义与使用是否匹配，确认约束与实参数量正确。,,
10094,Error,TRUE,FALSE,,,Error Enum MetaMemberData已有定义类: ,,检查 enum 成员赋值规则与成员类型一致性。,,
10095,Warning,TRUE,FALSE,,,Warning 在enum : ,,检查 enum 成员赋值规则与成员类型一致性。,,
10096,Warning,TRUE,TRUE,,,Warning Enum Member Enum 成员第一位必须有=号,,检查 enum 成员赋值规则与成员类型一致性。,,
10097,Error,TRUE,FALSE,,,Error Enum Member Enum 内允许使用const值类变量,,检查变量是否已定义、作用域与赋值表达式类型。,,
10098,Error,TRUE,FALSE,,,Error Enum Member Enum 内部int转byte出错,,检查 enum 成员赋值规则与成员类型一致性。,,
10099,Error,TRUE,FALSE,,,Error Enum Member Enum 内部int转byte出错,,检查 enum 成员赋值规则与成员类型一致性。,,
10100,Error,TRUE,FALSE,,,Error Enum Member Enum 内部int转byte出错,,检查 enum 成员赋值规则与成员类型一致性。,,
10101,Error,TRUE,FALSE,,,Error Enum Member Enum 内部int转byte出错,,检查 enum 成员赋值规则与成员类型一致性。,,
10102,Error,TRUE,FALSE,,,Error Enum Member Enum 内部int转byte出错,,检查 enum 成员赋值规则与成员类型一致性。,,
10103,Error,TRUE,FALSE,,,Error Enum Member Enum 内部int转byte出错,,检查 enum 成员赋值规则与成员类型一致性。,,
10104,Error,TRUE,TRUE,,,Error Enum Member Enum String成员必须有=号,,检查 enum 成员赋值规则与成员类型一致性。,,
10105,Error,TRUE,FALSE,,,Error Enum Member Enum 内允许使用const值类变量,,检查变量是否已定义、作用域与赋值表达式类型。,,
10106,Error,TRUE,FALSE,,,Error Enum Member Enum 内允许使用string值类变量,,检查变量是否已定义、作用域与赋值表达式类型。,,
10107,Error,TRUE,TRUE,,,Error Enum Member Enum 动态成员第一位必须有=号,,检查 enum 成员赋值规则与成员类型一致性。,,
10108,Error,TRUE,FALSE,,,"Error Enum Member Enum 内允许使用data值类变量, 不允许其它类型",,检查变量是否已定义、作用域与赋值表达式类型。,,
10109,Error,TRUE,FALSE,,,Error Enum Member Enum 内允许使用data new 值类变量,,检查构造调用形式，确认是否允许在当前位置使用。,,
10110,Error,TRUE,TRUE,,,Error Enum Member Enum 成员第一位必须有=号,,检查 enum 成员赋值规则与成员类型一致性。,,
10111,Error,TRUE,FALSE,,,"Error Enum Member Enum 内允许使用data值类变量, 不允许其它类型",,检查变量是否已定义、作用域与赋值表达式类型。,,
10112,Error,TRUE,FALSE,,,Error Enum Member Enum 内允许使用data new 值类变量,,检查构造调用形式，确认是否允许在当前位置使用。,,
10113,Error,TRUE,FALSE,,,没有找到模板中定义的模板内容!,,检查模板定义与使用是否匹配，确认约束与实参数量正确。,,
10114,Error,TRUE,FALSE,,,Error 没有解析到Express的内容 在MetaMemberData 里边 372,,根据错误位置检查语法与类型约束，必要时参考 DebugCode 输出链路定位。,,
10115,Error,TRUE,FALSE,,,Error 在生成Data时，没有找到.,,根据错误位置检查语法与类型约束，必要时参考 DebugCode 输出链路定位。,,
10116,Error,TRUE,TRUE,,,Error 当前有循环引用数量现象，请查正!!,,根据错误位置检查语法与类型约束，必要时参考 DebugCode 输出链路定位。,,
10117,Error,TRUE,FALSE,,,Error ParseChildMemberData 命名有重名!!,,根据错误位置检查语法与类型约束，必要时参考 DebugCode 输出链路定位。,,
10118,Error,TRUE,FALSE,,,Error 重复的MetaMemberData的名称 在484,,根据错误位置检查语法与类型约束，必要时参考 DebugCode 输出链路定位。,,
10119,Error,TRUE,FALSE,,,Error 重复的MetaMemberData的名称 在410,,根据错误位置检查语法与类型约束，必要时参考 DebugCode 输出链路定位。,,
10120,Error,TRUE,FALSE,,,error 暂不支持其它类型 1,,检查类定义关键字、继承/接口与成员声明顺序。,,
10121,Error,TRUE,FALSE,,,error 暂不支持其它类型 1,,检查类定义关键字、继承/接口与成员声明顺序。,,
10122,Error,TRUE,FALSE,,,Error ENum中，不允许有静态关键字，而是全部是静态关键字!!,,检查 enum 成员赋值规则与成员类型一致性。,,
10123,Error,TRUE,FALSE,,,没有找到定义变量名称!,,检查变量是否已定义、作用域与赋值表达式类型。,,
10124,Error,TRUE,FALSE,,,Error Enum中，不允许使用public/private等权限关键字!!,,检查 enum 成员赋值规则与成员类型一致性。,,
10125,Error,TRUE,FALSE,,,Error 没有解析到Express的内容 在MetaMemberData 里边 372,,根据错误位置检查语法与类型约束，必要时参考 DebugCode 输出链路定位。,,
10126,Error,TRUE,FALSE,,,Error 现在配置中，不支持成员变量中使用类的()构造方式!!,,检查构造调用形式，确认是否允许在当前位置使用。,,
10127,Error,TRUE,FALSE,,,Error 在类变量中，不允许 使用Class()后带{}的赋值方式!!,,检查变量是否已定义、作用域与赋值表达式类型。,,
10128,Error,TRUE,FALSE,,,Error 在类没有定义的变量中，不允许 使用()的赋值方式!!,,检查变量是否已定义、作用域与赋值表达式类型。,,
10129,Error,TRUE,FALSE,,,Error 在类没有定义的变量中，不允许 使用{}的赋值方式!!,,检查变量是否已定义、作用域与赋值表达式类型。,,
10130,Error,TRUE,FALSE,,,Error 在类变量中，不允许 使用Class()后带{}的赋值方式!!,,检查变量是否已定义、作用域与赋值表达式类型。,,
10131,Error,TRUE,FALSE,,,发现已经定义过某某类1,,检查类定义关键字、继承/接口与成员声明顺序。,,
10132,Error,TRUE,FALSE,,,发现已经定义过某某类2,,检查类定义关键字、继承/接口与成员声明顺序。,,
10133,Error,TRUE,FALSE,,,"Error 没有查找到inClass的类名, ",,检查类定义关键字、继承/接口与成员声明顺序。,,
10134,Error,TRUE,FALSE,,,Error 当前类:,,检查类定义关键字、继承/接口与成员声明顺序。,,
10135,Error,TRUE,FALSE,,,Error FileMetaConditionExpressSyntax: 暂不支持该类型的解析!!,,检查类定义关键字、继承/接口与成员声明顺序。,,
10136,Error,TRUE,FALSE,,,Error 如果使用了var/data/dynamic/int 等前缀，有重复定义的行为,,根据错误位置检查语法与类型约束，必要时参考 DebugCode 输出链路定位。,,
10137,Error,TRUE,TRUE,,,Error 构造函数中，不允许使用定义字段，必须使用this.非静态或者是类名.静态字段赋值!,,检查构造调用形式，确认是否允许在当前位置使用。,,
10138,Error,TRUE,FALSE,,,Error 定义变量名称与类函数临时名称一样!!,,检查函数签名、参数数量与静态/实例调用方式。,,
10139,Error,TRUE,FALSE,,,Error 定义变量名称与类定义名称一样 如果调用成员变量，需要在前边使用this.!!,,检查函数签名、参数数量与静态/实例调用方式。,,
10140,Error,TRUE,FALSE,,,Error 生成MetaStatements出错KeyReturnSyntax类型错误!!,,检查类定义关键字、继承/接口与成员声明顺序。,,
10141,Warning,TRUE,FALSE,,,Waning 还有没有解析的语句!! MetaMemberFunction 314,,根据错误位置检查语法与类型约束，必要时参考 DebugCode 输出链路定位。,,
10142,Error,TRUE,FALSE,,,没有找到定义变量名称!,,检查变量是否已定义、作用域与赋值表达式类型。,,
10143,Error,TRUE,FALSE,,,Error 命名有重名!!,,根据错误位置检查语法与类型约束，必要时参考 DebugCode 输出链路定位。,,
10144,Error,TRUE,TRUE,,,Error 表达式为空 或者 表达示必须有返回值,,根据错误位置检查语法与类型约束，必要时参考 DebugCode 输出链路定位。,,
10145,Error,TRUE,TRUE,,,Error 自己类内部不允许包含 自己的实体，必须赋值为null,,检查类定义关键字、继承/接口与成员声明顺序。,,
10146,Error,TRUE,FALSE,,,Error 表达式中返回定义类型为空 ,,检查类定义关键字、继承/接口与成员声明顺序。,,
10147,Error,TRUE,TRUE,,,Error 自己类内部不允许包含 自己的实体2，必须赋值为null,,检查类定义关键字、继承/接口与成员声明顺序。,,
10148,Error,TRUE,TRUE,,,Error 自己类内部不允许包含 自己的实体3，必须赋值为null,,检查类定义关键字、继承/接口与成员声明顺序。,,
10149,Error,TRUE,FALSE,,,Error 现在配置中，不支持成员变量中使用类的()构造方式!!,,检查构造调用形式，确认是否允许在当前位置使用。,,
10150,Error,TRUE,FALSE,,,Error 在类变量中，不允许 使用{}的赋值方式!!,,检查变量是否已定义、作用域与赋值表达式类型。,,
10151,Error,TRUE,FALSE,,,Error 在类变量中，不允许 使用Class()后带{}的赋值方式!!,,检查变量是否已定义、作用域与赋值表达式类型。,,
10152,Error,TRUE,FALSE,,,Error 在类没有定义的变量中，不允许 使用()的赋值方式!!,,检查变量是否已定义、作用域与赋值表达式类型。,,
10153,Error,TRUE,FALSE,,,Error 在类没有定义的变量中，不允许 使用{}的赋值方式!!,,检查变量是否已定义、作用域与赋值表达式类型。,,
10154,Error,TRUE,FALSE,,,Error 在类变量中，不允许 使用Class()后带{}的赋值方式!!,,检查变量是否已定义、作用域与赋值表达式类型。,,
10155,Error,TRUE,FALSE,,,添加命名空间,,根据错误位置检查语法与类型约束，必要时参考 DebugCode 输出链路定位。,,
10156,Error,FALSE,FALSE,,,添加add metaclass metanode节点有问题! 有重复:,,检查类定义关键字、继承/接口与成员声明顺序。,,
10157,Error,TRUE,FALSE,,,添加 add metanode metanode节点有问题! 有重复,,根据错误位置检查语法与类型约束，必要时参考 DebugCode 输出链路定位。,,
10158,Error,TRUE,FALSE,,,Error Params 模式下，只允许 使用一个参数，多余参数为无效模式,,根据错误位置检查语法与类型约束，必要时参考 DebugCode 输出链路定位。,,
10159,Error,TRUE,TRUE,,,Error AddMetaDefineParam 参数前边已定义表达式，后边必须跟进默认值表达式!!,,根据错误位置检查语法与类型约束，必要时参考 DebugCode 输出链路定位。,,
10160,Error,TRUE,FALSE,,,全都相似,,根据错误位置检查语法与类型约束，必要时参考 DebugCode 输出链路定位。,,
10161,Error,TRUE,FALSE,,,Error 定义模式名称重复!!,,根据错误位置检查语法与类型约束，必要时参考 DebugCode 输出链路定位。,,
10162,Error,TRUE,FALSE,,,没有找到父级别自己模板生成时的数据!!,,检查模板定义与使用是否匹配，确认约束与实参数量正确。,,
10163,Error,TRUE,FALSE,,,没有找到父级别自己模板生成时的数据!!,,检查模板定义与使用是否匹配，确认约束与实参数量正确。,,
10164,Error,TRUE,FALSE,,,Error 没有找到合适的Template,,根据错误位置检查语法与类型约束，必要时参考 DebugCode 输出链路定位。,,
10165,Error,TRUE,FALSE,,,Error MetaDefineType RetMetaClass is Null MetaMemberVariable Only MetaClass,,检查类定义关键字、继承/接口与成员声明顺序。,,
10166,Error,TRUE,FALSE,,,Error MetaDefineType RetMetaClass is Null MetaMemberVariable Only MetaClass,,检查类定义关键字、继承/接口与成员声明顺序。,,
10167,Error,TRUE,FALSE,,,Error MetaDefineType RetMetaClass is Null MetaMemberVariable Only MetaClass,,检查类定义关键字、继承/接口与成员声明顺序。,,
10168,Error,TRUE,FALSE,,,注册生成类是空!,,检查类定义关键字、继承/接口与成员声明顺序。,,
10169,Error,TRUE,FALSE,,,Error VisitMetaVariable访问变量访问位置不能同时为空!!,,检查变量是否已定义、作用域与赋值表达式类型。,,
10170,Error,TRUE,FALSE,,,Error VisitMetaVariable访问变量访问位置不能同时为空!!,,检查变量是否已定义、作用域与赋值表达式类型。,,
10171,Error,TRUE,FALSE,,,Error ---------,,根据错误位置检查语法与类型约束，必要时参考 DebugCode 输出链路定位。,,
10172,Error,TRUE,FALSE,,,Error,,根据错误位置检查语法与类型约束，必要时参考 DebugCode 输出链路定位。,,
10173,Error,TRUE,FALSE,,,Error MetaVisiCall IsNull!,,根据错误位置检查语法与类型约束，必要时参考 DebugCode 输出链路定位。,,
10174,Assert,TRUE,TRUE,,,Error 严重错误，获取模式不传名称!!,,根据错误位置检查语法与类型约束，必要时参考 DebugCode 输出链路定位。,,
10175,Assert,TRUE,TRUE,,,Error 严重错误，模块有重名!!!,,根据错误位置检查语法与类型约束，必要时参考 DebugCode 输出链路定位。,,
10176,Error,TRUE,FALSE,,,Error 在使用namespace 时，在项目定义中，没有找到相关的定义!!  位置:,,检查命名空间声明格式与分号/块结构。,,
10177,Error,TRUE,FALSE,,,NamespaceManager::AddNamespaceString 命名空间:,,检查命名空间声明格式与分号/块结构。,,
10178,Error,TRUE,FALSE,,,MetaClass is Null,,检查类定义关键字、继承/接口与成员声明顺序。,,
10179,Error,TRUE,FALSE,,,MetaClass is Null,,检查类定义关键字、继承/接口与成员声明顺序。,,
10180,Error,TRUE,FALSE,,,MetaClass is Null,,检查类定义关键字、继承/接口与成员声明顺序。,,
10181,Error,TRUE,FALSE,,,没有找到模板中定义的模板内容!,,检查模板定义与使用是否匹配，确认约束与实参数量正确。,,
10182,Error,TRUE,FALSE,,,没有找到模板类中，对应的模板，请仔细检查模板的命名与使用模板命名是否对应,,检查模板定义与使用是否匹配，确认约束与实参数量正确。,,
10183,Error,TRUE,FALSE,,,使用模板类中使用.连接符号，模板中不允许使用.,,检查模板定义与使用是否匹配，确认约束与实参数量正确。,,
10184,Error,TRUE,FALSE,,,没有找到相对应的模板类!!,,检查模板定义与使用是否匹配，确认约束与实参数量正确。,,
10185,Error,TRUE,FALSE,,,#NAME?,,根据错误位置检查语法与类型约束，必要时参考 DebugCode 输出链路定位。,,
10186,Error,TRUE,FALSE,,,------------没有找到调用的方法体!!,,检查函数签名、参数数量与静态/实例调用方式。,,
10187,Error,TRUE,FALSE,,,没有找到构建对象函数!,,检查函数签名、参数数量与静态/实例调用方式。,,
10188,Error,TRUE,FALSE,,,没有找到构建对象函数!,,检查函数签名、参数数量与静态/实例调用方式。,,
10189,Error,TRUE,FALSE,,,没有找到对应成员变量的Index,,检查变量是否已定义、作用域与赋值表达式类型。,,
10190,Error,TRUE,FALSE,,,没有找到对应成员变量的Index,,检查变量是否已定义、作用域与赋值表达式类型。,,
10191,Error,TRUE,FALSE,,,Error 解析namespace添加命名空间节点时，发现已有定义类!!,,检查命名空间声明格式与分号/块结构。,,
10192,Error,TRUE,FALSE,,,Error 暂不允许使用namespace 定义命名空间!!!,,检查命名空间声明格式与分号/块结构。,,
10193,Error,TRUE,FALSE,,,Error 错误 !!!,,根据错误位置检查语法与类型约束，必要时参考 DebugCode 输出链路定位。,,
10194,Error,TRUE,FALSE,,,"Error 已有继承类,请勿多重继承!",,检查类定义关键字、继承/接口与成员声明顺序。,,
10195,Error,TRUE,FALSE,,,Error 继承关键字后边没有相应的内容!,,根据错误位置检查语法与类型约束，必要时参考 DebugCode 输出链路定位。,,
10196,Error,TRUE,FALSE,,,Error 继承只能单继承，不能多继承!!,,根据错误位置检查语法与类型约束，必要时参考 DebugCode 输出链路定位。,,
10197,Error,TRUE,FALSE,,,接口关键字后边没有相应的内容!,,根据错误位置检查语法与类型约束，必要时参考 DebugCode 输出链路定位。,,
10198,Error,TRUE,FALSE,,,Error 字符两次赋值 107,,根据错误位置检查语法与类型约束，必要时参考 DebugCode 输出链路定位。,,
10199,Error,TRUE,FALSE,,,没有找到模板定义T,,检查模板定义与使用是否匹配，确认约束与实参数量正确。,,
10200,Error,TRUE,FALSE,,,Error 不支持其它格式 在类后续的模板限定中!,,检查模板定义与使用是否匹配，确认约束与实参数量正确。,,
10201,Error,TRUE,FALSE,,,Error 解析过了一次权限!!,,根据错误位置检查语法与类型约束，必要时参考 DebugCode 输出链路定位。,,
10202,Error,TRUE,FALSE,,,Error 解析过了一次Const!!,,根据错误位置检查语法与类型约束，必要时参考 DebugCode 输出链路定位。,,
10203,Error,TRUE,FALSE,,,Error 解析过了一次Class!!,,检查类定义关键字、继承/接口与成员声明顺序。,,
10204,Error,TRUE,FALSE,,,Error 解析过了一次Enum!!,,检查 enum 成员赋值规则与成员类型一致性。,,
10205,Error,TRUE,FALSE,,,Error 解析过了一次data!!,,根据错误位置检查语法与类型约束，必要时参考 DebugCode 输出链路定位。,,
10206,Error,TRUE,FALSE,,,Error 解析过了一次Class!!,,检查类定义关键字、继承/接口与成员声明顺序。,,
10207,Error,TRUE,FALSE,,,Error 解析过了一次Enum!!,,检查 enum 成员赋值规则与成员类型一致性。,,
10208,Error,TRUE,FALSE,,,Error 解析过了一次data!!,,根据错误位置检查语法与类型约束，必要时参考 DebugCode 输出链路定位。,,
10209,Error,TRUE,FALSE,,,Error 解析过了一次Class!!,,检查类定义关键字、继承/接口与成员声明顺序。,,
10210,Error,TRUE,FALSE,,,Error 解析过了一次Enum!!,,检查 enum 成员赋值规则与成员类型一致性。,,
10211,Error,TRUE,FALSE,,,Error 解析过了一次data!!,,根据错误位置检查语法与类型约束，必要时参考 DebugCode 输出链路定位。,,
10212,Error,TRUE,FALSE,,,Error 解析过了一次Class!!,,检查类定义关键字、继承/接口与成员声明顺序。,,
10213,Error,TRUE,FALSE,,,Error 解析过了一次Extend!!,,根据错误位置检查语法与类型约束，必要时参考 DebugCode 输出链路定位。,,
10214,Error,TRUE,FALSE,,,Error 解析过了一次Enum!!,,检查 enum 成员赋值规则与成员类型一致性。,,
10215,Error,TRUE,FALSE,,,Error 解析过了一次data!!,,根据错误位置检查语法与类型约束，必要时参考 DebugCode 输出链路定位。,,
10216,Error,TRUE,FALSE,,,Error 解析类时，已发现用过interface标记，不可重复使用该标记,,检查类定义关键字、继承/接口与成员声明顺序。,,
10217,Error,TRUE,FALSE,,,Error 解析类时，已发现用过interface标记，不可重复使用该标记,,检查类定义关键字、继承/接口与成员声明顺序。,,
10218,Error,TRUE,FALSE,,,Error 解析interface与class不可以周时出现!!,,检查类定义关键字、继承/接口与成员声明顺序。,,
10219,Error,TRUE,FALSE,,,Error 解析类时，已发现用过interface标记，不可重复使用该标记,,检查类定义关键字、继承/接口与成员声明顺序。,,
10220,Error,TRUE,FALSE,,,Error 解析类时，已发现用过interface标记，不可重复使用该标记,,检查类定义关键字、继承/接口与成员声明顺序。,,
10221,Error,TRUE,FALSE,,,Error 有其它未知类型在class中,,检查类定义关键字、继承/接口与成员声明顺序。,,
10222,Error,TRUE,FALSE,,,Error Enum方式，与enum同级，不允许同时出现,,检查 enum 成员赋值规则与成员类型一致性。,,
10223,Error,TRUE,FALSE,,,Error Enum方式，不支持接口方式,,检查 enum 成员赋值规则与成员类型一致性。,,
10224,Error,TRUE,FALSE,,,,,根据错误位置检查语法与类型约束，必要时参考 DebugCode 输出链路定位。,,
10225,Error,TRUE,FALSE,,,Error Enum方式，不支持权限的使用!!,,检查 enum 成员赋值规则与成员类型一致性。,,
10226,Error,TRUE,FALSE,,,Error Enum方式，不支持partial的使用!!,,检查 enum 成员赋值规则与成员类型一致性。,,
10227,Error,TRUE,FALSE,,,Error Enum方式，与data同级，不允许同时出现,,检查 enum 成员赋值规则与成员类型一致性。,,
10228,Error,TRUE,FALSE,,,Error Enum方式，不支持接口方式,,检查 enum 成员赋值规则与成员类型一致性。,,
10229,Error,TRUE,FALSE,,,Error Data方式，不支持权限的使用!!,,根据错误位置检查语法与类型约束，必要时参考 DebugCode 输出链路定位。,,
10230,Error,TRUE,FALSE,,,Error Data方式，不支持partial的使用!!,,根据错误位置检查语法与类型约束，必要时参考 DebugCode 输出链路定位。,,
10231,Error,TRUE,FALSE,,,Error 解析类型名称错误!!,,检查类定义关键字、继承/接口与成员声明顺序。,,
10232,Error,TRUE,FALSE,,,Error 不支持其它格式 在类后续的模板限定中!,,检查模板定义与使用是否匹配，确认约束与实参数量正确。,,
10233,Error,TRUE,TRUE,,,Error 命名空间有误，必须为X.xx.X 类似的格式!,,检查类定义关键字、继承/接口与成员声明顺序。,,
10234,Error,TRUE,TRUE,,,Error 命名空间有误，必须为X.xx.X 类似的格式!,,检查类定义关键字、继承/接口与成员声明顺序。,,
10235,Error,TRUE,FALSE,,,数组获取长度文件的时候，有异常!,,检查数组维度、下标范围和初始化格式。,,
10236,Error,TRUE,FALSE,,,Error 在<>中没有发现元素!!,,根据错误位置检查语法与类型约束，必要时参考 DebugCode 输出链路定位。,,
10237,Error,TRUE,FALSE,,,"Error 在<T in> or <T []> or <T ClassName> 使用方法不正确,请使用 <T in []>或者是 <T in ClassName> !!",,检查数组维度、下标范围和初始化格式。,,
10238,Error,TRUE,FALSE,,,Error 多重逗号，导致解析无法解析!!,,根据错误位置检查语法与类型约束，必要时参考 DebugCode 输出链路定位。,,
10239,Error,TRUE,FALSE,,,Error 首符号不能为逗号,,根据错误位置检查语法与类型约束，必要时参考 DebugCode 输出链路定位。,,
10240,Error,TRUE,FALSE,,,Error nodeList.Count != 3/4 create AsOrIs Term Error ,,根据错误位置检查语法与类型约束，必要时参考 DebugCode 输出链路定位。,,
10241,Error,TRUE,FALSE,,,Error nodeList.Count != 3/4 create AsOrIs Term Error ,,根据错误位置检查语法与类型约束，必要时参考 DebugCode 输出链路定位。,,
10242,Error,TRUE,FALSE,,,Error nodeList.Count == 0 ,,根据错误位置检查语法与类型约束，必要时参考 DebugCode 输出链路定位。,,
10243,Error,TRUE,FALSE,,,Error FileMetaBraceTerm--,,根据错误位置检查语法与类型约束，必要时参考 DebugCode 输出链路定位。,,
10244,Error,TRUE,FALSE,,, Errorr FileMetaBraceTerm.HandleBraceTerm 解析{ a = ?} 时，多个=号 Token: ,,根据错误位置检查语法与类型约束，必要时参考 DebugCode 输出链路定位。,,
10245,Error,TRUE,FALSE,,, Errorr FileMetaBraceTerm.HandleBraceTerm 解析{ a:'aaa'} 时，多个:号 Token: ,,根据错误位置检查语法与类型约束，必要时参考 DebugCode 输出链路定位。,,
10246,Error,TRUE,FALSE,,,Error 在解析为{}中，数组形式 解析有问题!!,,检查数组维度、下标范围和初始化格式。,,
10247,Error,TRUE,FALSE,,,Error 在解析为{}中，赋值= 解析有问题!!,,根据错误位置检查语法与类型约束，必要时参考 DebugCode 输出链路定位。,,
10248,Error,TRUE,FALSE,,,Error 在解析为{}中，出现了不该出现的格式,,根据错误位置检查语法与类型约束，必要时参考 DebugCode 输出链路定位。,,
10249,Warning,TRUE,FALSE,,,"Warning [1,2,3,]有多余逗号出现??",,根据错误位置检查语法与类型约束，必要时参考 DebugCode 输出链路定位。,,
10250,Warning,TRUE,FALSE,,,"Warning [1,2,3,]有多余逗号出现??",,根据错误位置检查语法与类型约束，必要时参考 DebugCode 输出链路定位。,,
10251,Error,TRUE,FALSE,,,Error 不支持在[]中解析()的逻辑!!,,检查数组维度、下标范围和初始化格式。,,
10252,Error,TRUE,FALSE,,,Error 不支持在[]中解析Key的逻辑!!,,检查数组维度、下标范围和初始化格式。,,
10253,Warning,TRUE,FALSE,,,"Warning [1,2,3,]有多余逗号出现??",,根据错误位置检查语法与类型约束，必要时参考 DebugCode 输出链路定位。,,
10254,Error,TRUE,FALSE,,,Error Data数据中 []中，不支持该类型的数据,,检查数组维度、下标范围和初始化格式。,,
10255,Error,TRUE,FALSE,,,Error Data数据中 []中，不支持该类型的数据,,检查数组维度、下标范围和初始化格式。,,
10256,Error,TRUE,FALSE,,,Error 表达式不允许多个自定义元素存在!!,,根据错误位置检查语法与类型约束，必要时参考 DebugCode 输出链路定位。,,
10257,Error,TRUE,FALSE,,,Error --------------------------------------!!,,根据错误位置检查语法与类型约束，必要时参考 DebugCode 输出链路定位。,,
10258,Error,TRUE,FALSE,,,Error 表达式不允许多个自定义元素存在33!!,,根据错误位置检查语法与类型约束，必要时参考 DebugCode 输出链路定位。,,
10259,Error,TRUE,TRUE,,,如果使用了三元表达式，必须在第一位需要放置返回式: ,,根据错误位置检查语法与类型约束，必要时参考 DebugCode 输出链路定位。,,
10260,Error,TRUE,FALSE,,,没有找到该类型: ,,检查类定义关键字、继承/接口与成员声明顺序。,,
10261,Error,TRUE,FALSE,,,Error 只有在语句中，可以使用i++ 等语法，变量与传参是禁止使用i++,,检查变量是否已定义、作用域与赋值表达式类型。,,
10262,Error,TRUE,FALSE,,,Error 表达式解析错误!! FileMetaExpress 575,,根据错误位置检查语法与类型约束，必要时参考 DebugCode 输出链路定位。,,
10263,Error,TRUE,FALSE,,,Error 不能使用错误符号 !! FileMetaExpress 698,,根据错误位置检查语法与类型约束，必要时参考 DebugCode 输出链路定位。,,
10264,Error,TRUE,FALSE,,,Error BuildTst 表达式解析错误!! 604,,根据错误位置检查语法与类型约束，必要时参考 DebugCode 输出链路定位。,,
10265,Error,TRUE,FALSE,,,选择已经超出来范围!!,,根据错误位置检查语法与类型约束，必要时参考 DebugCode 输出链路定位。,,
10266,Error,TRUE,TRUE,,,Error import必须有2个节点!!,,根据错误位置检查语法与类型约束，必要时参考 DebugCode 输出链路定位。,,
10267,Error,TRUE,FALSE,,,解析Import语句发生错误，没有找到对应的命名空间路径: ,,根据错误位置检查语法与类型约束，必要时参考 DebugCode 输出链路定位。,,
10268,Error,TRUE,FALSE,,,Error 在使用import引用CSharp库时，至少需要一个命名空间,,根据错误位置检查语法与类型约束，必要时参考 DebugCode 输出链路定位。,,
10269,Error,TRUE,FALSE,,,Error 带着名称FileMetaMemberData 但没有发现相关的token,,根据错误位置检查语法与类型约束，必要时参考 DebugCode 输出链路定位。,,
10270,Error,TRUE,FALSE,,,Error 解析NodeList出现错误~~~,,根据错误位置检查语法与类型约束，必要时参考 DebugCode 输出链路定位。,,
10271,Error,TRUE,TRUE,,,Error 没有找到该定义名称 必须使用例: X = 102; 的格式,,根据错误位置检查语法与类型约束，必要时参考 DebugCode 输出链路定位。,,
10272,Error,TRUE,TRUE,,,Error 没有找到该定义名称 必须使用例: X = 101; 的格式,,根据错误位置检查语法与类型约束，必要时参考 DebugCode 输出链路定位。,,
10273,Error,TRUE,FALSE,,,Error 已有函数实体，不能同时出现两个函数实体!,,检查函数签名、参数数量与静态/实例调用方式。,,
10274,Error,TRUE,FALSE,,,Error 解析过了一次权限!!,,根据错误位置检查语法与类型约束，必要时参考 DebugCode 输出链路定位。,,
10275,Error,TRUE,FALSE,,,Error 解析过了一次Override!!,,根据错误位置检查语法与类型约束，必要时参考 DebugCode 输出链路定位。,,
10276,Error,TRUE,FALSE,,, Error 解析类型多个get,,检查类定义关键字、继承/接口与成员声明顺序。,,
10277,Error,TRUE,FALSE,,, Error 解析类型多个set,,检查类定义关键字、继承/接口与成员声明顺序。,,
10278,Error,TRUE,FALSE,,,Error 解析interface已使用过一次，不允许重复使用!!,,根据错误位置检查语法与类型约束，必要时参考 DebugCode 输出链路定位。,,
10279,Error,TRUE,FALSE,,, Error 解析类型多个final,,检查类定义关键字、继承/接口与成员声明顺序。,,
10280,Error,TRUE,FALSE,,,Error 有其它未知类型在class中,,检查类定义关键字、继承/接口与成员声明顺序。,,
10281,Error,TRUE,FALSE,,,Eror 没有找到合适的函数类型: 位置: ,,检查函数签名、参数数量与静态/实例调用方式。,,
10282,Error,TRUE,FALSE,,,ParseFunction 解析函数,,检查函数签名、参数数量与静态/实例调用方式。,,
10283,Error,TRUE,FALSE,,,Error 参数名称有重名!!!,,根据错误位置检查语法与类型约束，必要时参考 DebugCode 输出链路定位。,,
10284,Error,TRUE,FALSE,,,Error 参数名称有重名!!!,,根据错误位置检查语法与类型约束，必要时参考 DebugCode 输出链路定位。,,
10285,Error,TRUE,FALSE,,,Error 解析NodeList出现错误~~~,,根据错误位置检查语法与类型约束，必要时参考 DebugCode 输出链路定位。,,
10286,Error,TRUE,FALSE,,,Error listDefieNode 不能为空~,,根据错误位置检查语法与类型约束，必要时参考 DebugCode 输出链路定位。,,
10287,Error,TRUE,TRUE,,,Error 没有找到该定义名称 必须使用例: X = 103; 的格式,,根据错误位置检查语法与类型约束，必要时参考 DebugCode 输出链路定位。,,
10288,Error,TRUE,TRUE,,,Error 没有找到该定义名称 必须使用例: X = 104; 的格式,,根据错误位置检查语法与类型约束，必要时参考 DebugCode 输出链路定位。,,
10289,Error,TRUE,TRUE,,,Error 没有找到该定义名称 必须使用例: X = 105; 的格式,,根据错误位置检查语法与类型约束，必要时参考 DebugCode 输出链路定位。,,
10290,Error,TRUE,FALSE,,,Error Data数据中 []中，不支持该类型的数据,,检查数组维度、下标范围和初始化格式。,,
10291,Error,TRUE,FALSE,,,Error Data数据中 []中，不支持该类型的数据,,检查数组维度、下标范围和初始化格式。,,
10292,Error,TRUE,FALSE,,,Error Data数据中 []中，不支持该类型的数据,,检查数组维度、下标范围和初始化格式。,,
10293,Error,TRUE,FALSE,,,Error Data数据中 []中，不支持该类型的数据,,检查数组维度、下标范围和初始化格式。,,
10294,Error,TRUE,FALSE,,,Error 多重定义名称的权限定义!!,,根据错误位置检查语法与类型约束，必要时参考 DebugCode 输出链路定位。,,
10295,Error,TRUE,FALSE,,,Error 多重定义名称的静态定义!!,,根据错误位置检查语法与类型约束，必要时参考 DebugCode 输出链路定位。,,
10296,Error,TRUE,FALSE,,,Error 多重定义名称的Mut定义!!,,根据错误位置检查语法与类型约束，必要时参考 DebugCode 输出链路定位。,,
10297,Error,TRUE,FALSE,,,Error 解析变量中，不允许的类型存在!!,,检查变量是否已定义、作用域与赋值表达式类型。,,
10298,Error,TRUE,FALSE,,,Error 在解析namespace 中，没有找到namespace设置的名称!!,,检查命名空间声明格式与分号/块结构。,,
10299,Error,TRUE,FALSE,,,Error 不能有多个if语句!!,,根据错误位置检查语法与类型约束，必要时参考 DebugCode 输出链路定位。,,
10300,Error,TRUE,FALSE,,,Error 解析Goto Label语法，只支持 goto id;的语法!!,,根据错误位置检查语法与类型约束，必要时参考 DebugCode 输出链路定位。,,
10301,Error,TRUE,TRUE,,,Error 解析GotoLabel中 后边必须使用普通字符,,根据错误位置检查语法与类型约束，必要时参考 DebugCode 输出链路定位。,,
10302,Error,TRUE,FALSE,,,检查到Import语句中，token内容lexeme为空!!,,根据错误位置检查语法与类型约束，必要时参考 DebugCode 输出链路定位。,,
10303,Error,TRUE,FALSE,,,检查到Import语句中，导入名称不合规!!,,根据错误位置检查语法与类型约束，必要时参考 DebugCode 输出链路定位。,,
10304,Error,TRUE,FALSE,,,解析NodeStructVariable时有=号，但没有值内容 ,,根据错误位置检查语法与类型约束，必要时参考 DebugCode 输出链路定位。,,
10305,Error,TRUE,FALSE,,,Error CreateFileOneTerm 单1表达式，没有找到该类型: ,,检查类定义关键字、继承/接口与成员声明顺序。,,
10306,Error,TRUE,FALSE,,,Error 生成表达式错误!!,,根据错误位置检查语法与类型约束，必要时参考 DebugCode 输出链路定位。,,
10307,Error,TRUE,FALSE,,,读取文件出错 FileParse Parse LoadFile !!!,,根据错误位置检查语法与类型约束，必要时参考 DebugCode 输出链路定位。,,
10308,Error,TRUE,FALSE,,,错误 !!1 AddParseClassNodeInfo,,检查类定义关键字、继承/接口与成员声明顺序。,,
10309,Error,TRUE,FALSE,,,错误 !!1 AddParseVariableInfo,,根据错误位置检查语法与类型约束，必要时参考 DebugCode 输出链路定位。,,
10310,Error,TRUE,FALSE,,,错误 !!1 AddParseFunctionNodeInfo,,根据错误位置检查语法与类型约束，必要时参考 DebugCode 输出链路定位。,,
10311,Error,TRUE,FALSE,,,错误 !!1 AddParseFunctionNodeInfo,,根据错误位置检查语法与类型约束，必要时参考 DebugCode 输出链路定位。,,
10312,Error,TRUE,FALSE,,,错误 !!1 AddParseFunctionNodeInfo,,根据错误位置检查语法与类型约束，必要时参考 DebugCode 输出链路定位。,,
10313,Error,TRUE,FALSE,,,Error 重复了 在File头目录中出现 : ,,根据错误位置检查语法与类型约束，必要时参考 DebugCode 输出链路定位。,,
10314,Error,TRUE,FALSE,,,Error 重复了 在File头目录中出现 : ,,根据错误位置检查语法与类型约束，必要时参考 DebugCode 输出链路定位。,,
10315,Error,TRUE,FALSE,,,Error 重复了 在File头目录中出现2 : ,,根据错误位置检查语法与类型约束，必要时参考 DebugCode 输出链路定位。,,
10316,Error,TRUE,FALSE,,,Error 在解析namespace 中，逗号后不允许出现其它语法!!,,检查命名空间声明格式与分号/块结构。,,
10317,Error,TRUE,FALSE,,,Error 在解析namespace 中，需要强制;号结尾,,检查命名空间声明格式与分号/块结构。,,
10318,Error,TRUE,FALSE,,,Error 在开始解析Class时，存在错误语法--------------------,,检查类定义关键字、继承/接口与成员声明顺序。,,
10319,Error,TRUE,FALSE,,,Error 命名空间 namespace A.B{} 的格式，至少一个节点!1,,检查命名空间声明格式与分号/块结构。,,
10320,Error,TRUE,FALSE,,,Error 没有发现Class或者Namespace的关键字!,,检查命名空间声明格式与分号/块结构。,,
10321,Error,TRUE,FALSE,,,Error StructParseFrame.ParseClassNode 类后续不允许使用;号结尾!!,,检查类定义关键字、继承/接口与成员声明顺序。,,
10322,Error,TRUE,FALSE,,,一个类只允许有声明但没有赋值的变量，后续应使用 = null 赋值,,检查变量是否已定义、作用域与赋值表达式类型。,,
10323,Error,TRUE,FALSE,,,Error ParseClassNode 在开始解析Class时，存在错误语法--------------------,,检查类定义关键字、继承/接口与成员声明顺序。,,
10324,Error,TRUE,FALSE,,,Error 未知错误111111111111123123123,,根据错误位置检查语法与类型约束，必要时参考 DebugCode 输出链路定位。,,
10325,Error,TRUE,FALSE,,,Error 在+-号前后不允许出现其它const类型常量!,,检查类定义关键字、继承/接口与成员声明顺序。,,
10326,Error,TRUE,FALSE,,,Error Data定义中 []中，不支持复杂类型数组,,检查数组维度、下标范围和初始化格式。,,
10327,Error,TRUE,FALSE,,,Error Data定义中，不允许使用自定义属性和函数字段!!,,检查函数签名、参数数量与静态/实例调用方式。,,
10328,Error,TRUE,FALSE,,,Error 左边变量不能为空位...,,检查变量是否已定义、作用域与赋值表达式类型。,,
10329,Error,TRUE,FALSE,,,Error 出现 x=-?? 表达式时，符号位置非法,,根据错误位置检查语法与类型约束，必要时参考 DebugCode 输出链路定位。,,
10330,Error,TRUE,FALSE,,,Error 出现 x=-?? 表达式时，符号位置非法,,根据错误位置检查语法与类型约束，必要时参考 DebugCode 输出链路定位。,,
10331,Error,TRUE,FALSE,,,Error 在定义Data数据时，赋值语句只允许 ={} 或 =[] 形式!,,检查数组维度、下标范围和初始化格式。,,
10332,Error,TRUE,FALSE,,,Error 在定义Data数据时，不允许=号后出现非法表达式,,根据错误位置检查语法与类型约束，必要时参考 DebugCode 输出链路定位。,,
10333,Error,TRUE,FALSE,,,Error 数组初始化时，Data数据类型声明异常!,,检查数组维度、下标范围和初始化格式。,,
10334,Error,TRUE,FALSE,,,Error 数组初始化enum时，类型不能嵌套enum,,检查数组维度、下标范围和初始化格式。,,
10335,Error,TRUE,FALSE,,,?????enum member ?? ??????? ?????identifier??????????????????????,,检查 enum 成员赋值规则与成员类型一致性。,,
10336,Error,TRUE,FALSE,,,Error ????Enum memeber ???????????????????????!,,检查 enum 成员赋值规则与成员类型一致性。,,
10337,Error,TRUE,TRUE,,,如果是表达式创建数组对象，必须最后一位知道是多少的长度!,,检查数组维度、下标范围和初始化格式。,,
10338,Error,TRUE,FALSE,,,定义当前变量错误,,检查变量是否已定义、作用域与赋值表达式类型。,,
10339,Error,TRUE,FALSE,,,定义的类型不正确,,检查类定义关键字、继承/接口与成员声明顺序。,,
10340,Error,TRUE,FALSE,,,没有找到相关的转化对象,,根据错误位置检查语法与类型约束，必要时参考 DebugCode 输出链路定位。,,
10341,Error,TRUE,TRUE,,,在Map里边，必须使用:个符号,,根据错误位置检查语法与类型约束，必要时参考 DebugCode 输出链路定位。,,
10342,Error,TRUE,TRUE,,,在class或者是data里边，必须使用=个符号,,检查类定义关键字、继承/接口与成员声明顺序。,,
10343,Error,TRUE,FALSE,,,在class或者是data里边，前值应该使用filemetaCallTerm,,检查类定义关键字、继承/接口与成员声明顺序。,,
10344,Error,TRUE,FALSE,,,解析大括号里边的内容,,根据错误位置检查语法与类型约束，必要时参考 DebugCode 输出链路定位。,,
10345,Error,TRUE,FALSE,,,构造动态数据实例的时候，需要 使用 命名=内容 的格式,,检查构造调用形式，确认是否允许在当前位置使用。,,
10346,Error,TRUE,FALSE,,,构造动态数据实例的时候，需要 使用 命名=内容 的格式,,检查构造调用形式，确认是否允许在当前位置使用。,,
10347,Error,TRUE,FALSE,,,"间隔符号不对,应该使用,",,根据错误位置检查语法与类型约束，必要时参考 DebugCode 输出链路定位。,,
10348,Error,TRUE,FALSE,,,Error 在数组里边应该是FileMetaBracketTerm 类型!,,检查数组维度、下标范围和初始化格式。,,
10349,Error,TRUE,FALSE,,,构造动态数据实例的时候，需要 使用 命名=内容 的格式,,检查构造调用形式，确认是否允许在当前位置使用。,,
10350,Error,TRUE,FALSE,,,构造动态数据实例的时候，需要 使用 命名=内容 的格式,,检查构造调用形式，确认是否允许在当前位置使用。,,
10351,Error,TRUE,FALSE,,,构造动态数据实例的时候，需要 使用 命名=内容 的格式,,检查构造调用形式，确认是否允许在当前位置使用。,,
10352,Error,TRUE,FALSE,,,在[]中，只允许数字形式存在,,检查数组维度、下标范围和初始化格式。,,
10353,Error,TRUE,FALSE,,,在[]中，只允许从后边向前[3][-1][-1]这种形式，而不能使用[3][-1][2] 这种形式,,检查数组维度、下标范围和初始化格式。,,
10354,Error,TRUE,TRUE,,,如果定义了，结构，必须与new对象的类型一样才可以,,检查构造调用形式，确认是否允许在当前位置使用。,,
10355,Error,TRUE,TRUE,,,如果前边定义了长度，new的时候必须和前边的长度一样!,,检查构造调用形式，确认是否允许在当前位置使用。,,
10356,Error,TRUE,FALSE,,,定义数组与new数组 的维度不同,,检查构造调用形式，确认是否允许在当前位置使用。,,
10357,Error,TRUE,TRUE,,,如果定义了，结构，必须与new对象的类型一样才可以,,检查构造调用形式，确认是否允许在当前位置使用。,,
10358,Error,TRUE,FALSE,,,定义类型与new的类型不对应 ,,检查构造调用形式，确认是否允许在当前位置使用。,,
10359,Error,TRUE,FALSE,,,没有找到没有各种定义类型的方法,,检查类定义关键字、继承/接口与成员声明顺序。,,
10360,Error,TRUE,FALSE,,,数组赋值内容给出的长度超出了定义长度!,,检查数组维度、下标范围和初始化格式。,,
10361,Error,TRUE,FALSE,,,里边的元素与边的数据类型不对应，不对应，需要调整数据，或者是定义的结构 ,,检查类定义关键字、继承/接口与成员声明顺序。,,
10362,Error,TRUE,FALSE,,,里边的元素与外边定义的类11，不对应，需要调整数据，或者是定义的结构 ,,检查类定义关键字、继承/接口与成员声明顺序。,,
10363,Error,TRUE,FALSE,,,Error 返回的判断语句: ,,根据错误位置检查语法与类型约束，必要时参考 DebugCode 输出链路定位。,,
10364,Error,TRUE,FALSE,,,Error -------------------------------------------,,根据错误位置检查语法与类型约束，必要时参考 DebugCode 输出链路定位。,,
10365,Error,TRUE,FALSE,,,Error 返回的判断语句: ,,根据错误位置检查语法与类型约束，必要时参考 DebugCode 输出链路定位。,,
10366,Error,TRUE,FALSE,,,Error -------------------------------------------,,根据错误位置检查语法与类型约束，必要时参考 DebugCode 输出链路定位。,,
10367,Error,TRUE,FALSE,,,Error MetaAssignStatements ParseDefine!!!,,根据错误位置检查语法与类型约束，必要时参考 DebugCode 输出链路定位。,,
10368,Error,TRUE,FALSE,,,Error 不允许在语句中，出现static字段! ,,根据错误位置检查语法与类型约束，必要时参考 DebugCode 输出链路定位。,,
10369,Error,TRUE,FALSE,,,Error set语句只能使用=号进行赋值操作!!,,根据错误位置检查语法与类型约束，必要时参考 DebugCode 输出链路定位。,,
10370,Error,TRUE,FALSE,,,Error 赋值语句解析符号暂不支持: ,,根据错误位置检查语法与类型约束，必要时参考 DebugCode 输出链路定位。,,
10371,Error,TRUE,FALSE,,,Error 变量没有发现,,检查变量是否已定义、作用域与赋值表达式类型。,,
10372,Error,TRUE,FALSE,,,Error 类型为Const类型，不允许使用赋值!!,,检查类定义关键字、继承/接口与成员声明顺序。,,
10373,Error,TRUE,FALSE,,,Error 只能在Project工程下的函数中，给全局变量赋值!!,,检查函数签名、参数数量与静态/实例调用方式。,,
10374,Error,TRUE,FALSE,,,Error 解析新建变量语句时，表达式解析为空!!,,检查变量是否已定义、作用域与赋值表达式类型。,,
10375,Error,TRUE,FALSE,,,Error 解析新建变量语句时，表达式为空!!__2,,检查变量是否已定义、作用域与赋值表达式类型。,,
10376,Error,TRUE,FALSE,,,Error 解析新建变量语句时，表达式返回类型为空!!__3,,检查变量是否已定义、作用域与赋值表达式类型。,,
10377,Error,TRUE,FALSE,,,Error 输入参数与定义参数不正确,,根据错误位置检查语法与类型约束，必要时参考 DebugCode 输出链路定位。,,
10378,Error,TRUE,FALSE,,,Error 模版与类定义的模版不相同!!,,检查类定义关键字、继承/接口与成员声明顺序。,,
10379,Error,TRUE,FALSE,,,Error for in express后边没有表达式!!,,根据错误位置检查语法与类型约束，必要时参考 DebugCode 输出链路定位。,,
10380,Error,TRUE,FALSE,,,Error For in 表达式，应该是个数组形式,,检查数组维度、下标范围和初始化格式。,,
10381,Error,TRUE,TRUE,,,Error For in 必须是支持迭代器iterate,,根据错误位置检查语法与类型约束，必要时参考 DebugCode 输出链路定位。,,
10382,Error,TRUE,FALSE,,,Error 在 for .. in 中，不允许从for 外边定义遍历变量!!,,检查变量是否已定义、作用域与赋值表达式类型。,,
10383,Error,TRUE,FALSE,,,Error 在 for .. in 中，不允许从for 外边定义遍历变量!!,,检查变量是否已定义、作用域与赋值表达式类型。,,
10384,Error,TRUE,TRUE,,,Error For x in X必须有!!,,根据错误位置检查语法与类型约束，必要时参考 DebugCode 输出链路定位。,,
10385,Error,TRUE,FALSE,,,Error 没有找到相应的变量!!,,检查变量是否已定义、作用域与赋值表达式类型。,,
10386,Error,TRUE,FALSE,,,GetIRMethodByIndex is null,,根据错误位置检查语法与类型约束，必要时参考 DebugCode 输出链路定位。,,
10387,Error,TRUE,FALSE,,,IRMetaVariable 没有找到对应的from ,,根据错误位置检查语法与类型约束，必要时参考 DebugCode 输出链路定位。,,
10388,Error,TRUE,FALSE,,,没有最终表达式，错误处理,,根据错误位置检查语法与类型约束，必要时参考 DebugCode 输出链路定位。,,
10389,Error,TRUE,FALSE,,,------------------------------------------,,根据错误位置检查语法与类型约束，必要时参考 DebugCode 输出链路定位。,,
10390,Error,TRUE,FALSE,,,这里应该有一个创建new的过程表达式,,检查构造调用形式，确认是否允许在当前位置使用。,,
10391,Error,TRUE,FALSE,,,GetStaticVariable 没有找到相当的静态类,,检查类定义关键字、继承/接口与成员声明顺序。,,
10392,Error,TRUE,FALSE,,,SetStaticVariable 没有找到相当的静态类,,检查类定义关键字、继承/接口与成员声明顺序。,,
10393,Error,TRUE,FALSE,,,没有找到全局变量的映射关系!,,检查变量是否已定义、作用域与赋值表达式类型。,,
10394,Error,TRUE,FALSE,,,Error StoreNotStaticField Path:,,根据错误位置检查语法与类型约束，必要时参考 DebugCode 输出链路定位。,,
10395,Error,TRUE,FALSE,,,没有找到全局变量的映射关系!,,检查变量是否已定义、作用域与赋值表达式类型。,,
10396,Error,TRUE,FALSE,,,执行的参数超出范围!! < 0 ,,根据错误位置检查语法与类型约束，必要时参考 DebugCode 输出链路定位。,,
10397,Error,TRUE,FALSE,,,执行的参数超出范围!!,,根据错误位置检查语法与类型约束，必要时参考 DebugCode 输出链路定位。,,
10398,Error,TRUE,FALSE,,,执行的参数超出范围!!,,根据错误位置检查语法与类型约束，必要时参考 DebugCode 输出链路定位。,,
10399,Error,TRUE,FALSE,,,Null 该类型不是Int32类型!!,,检查类定义关键字、继承/接口与成员声明顺序。,,
10400,Error,TRUE,FALSE,,,Byte 该类型不是Int32类型!!,,检查类定义关键字、继承/接口与成员声明顺序。,,
10401,Error,TRUE,FALSE,,,Sbyte 该类型不是Int32类型!!,,检查类定义关键字、继承/接口与成员声明顺序。,,
10402,Error,TRUE,FALSE,,,Int16 该类型不是Int32类型!!,,检查类定义关键字、继承/接口与成员声明顺序。,,
10403,Error,TRUE,FALSE,,,UInt16 该类型不是Int16类型!!,,检查类定义关键字、继承/接口与成员声明顺序。,,
10404,Error,TRUE,FALSE,,,Int32 该类型不是Int32类型!!,,检查类定义关键字、继承/接口与成员声明顺序。,,
10405,Error,TRUE,FALSE,,,UInt32 该类型不是UInt32类型!!,,检查类定义关键字、继承/接口与成员声明顺序。,,
10406,Error,TRUE,FALSE,,,Int64 该类型不是Int32类型!!,,检查类定义关键字、继承/接口与成员声明顺序。,,
10407,Error,TRUE,FALSE,,,UInt64 该类型不是Int64类型!!,,检查类定义关键字、继承/接口与成员声明顺序。,,
10408,Error,TRUE,FALSE,,,Float 该类型不是float类型!!,,检查类定义关键字、继承/接口与成员声明顺序。,,
10409,Error,TRUE,FALSE,,,Double 该类型不是Double类型!!,,检查类定义关键字、继承/接口与成员声明顺序。,,
10410,Error,TRUE,FALSE,,,String 该类型不是Int32类型!!,,检查类定义关键字、继承/接口与成员声明顺序。,,
10411,Error,TRUE,FALSE,,,Class Int8Object 该类型不是Int32类型!!,,检查类定义关键字、继承/接口与成员声明顺序。,,
10412,Error,TRUE,FALSE,,,Class SInt8Object 该类型不是Int32类型!!,,检查类定义关键字、继承/接口与成员声明顺序。,,
10413,Error,TRUE,FALSE,,,Class Int16Object 该类型不是Int16类型!!,,检查类定义关键字、继承/接口与成员声明顺序。,,
10414,Error,TRUE,FALSE,,,Class UInt32Object 该类型不是UInt32类型!!,,检查类定义关键字、继承/接口与成员声明顺序。,,
10415,Error,TRUE,FALSE,,,Class Int32Object 该类型不是Int32类型!!,,检查类定义关键字、继承/接口与成员声明顺序。,,
10416,Error,TRUE,FALSE,,,Class UInt32Object 该类型不是Int32类型!!,,检查类定义关键字、继承/接口与成员声明顺序。,,
10417,Error,TRUE,FALSE,,,该类型不是Int64类型!!,,检查类定义关键字、继承/接口与成员声明顺序。,,
10418,Error,TRUE,FALSE,,,该类型不是Int64类型!!,,检查类定义关键字、继承/接口与成员声明顺序。,,
10419,Error,TRUE,FALSE,,,该类型不是stringObj类型!!,,检查类定义关键字、继承/接口与成员声明顺序。,,
10420,Error,TRUE,FALSE,,,该类型不是classObj类型!!,,检查类定义关键字、继承/接口与成员声明顺序。,,
10421,Error,TRUE,FALSE,,,Argu_,,根据错误位置检查语法与类型约束，必要时参考 DebugCode 输出链路定位。,,
10422,Error,TRUE,FALSE,,,Variable_,,根据错误位置检查语法与类型约束，必要时参考 DebugCode 输出链路定位。,,
10423,Error,TRUE,FALSE,,,执行的参数超出范围!!,,根据错误位置检查语法与类型约束，必要时参考 DebugCode 输出链路定位。,,
10424,Error,TRUE,FALSE,,,执行的栈超出范围!!,,根据错误位置检查语法与类型约束，必要时参考 DebugCode 输出链路定位。,,
10425,Error,TRUE,FALSE,,,执行的栈超出范围!!,,根据错误位置检查语法与类型约束，必要时参考 DebugCode 输出链路定位。,,
10426,Error,TRUE,FALSE,,,执行的栈超出范围!!,,根据错误位置检查语法与类型约束，必要时参考 DebugCode 输出链路定位。,,
10427,Error,TRUE,FALSE,,,Error StoreNotStaticField Path:,,根据错误位置检查语法与类型约束，必要时参考 DebugCode 输出链路定位。,,
10428,Error,TRUE,FALSE,,,不是数组类型!!,,检查数组维度、下标范围和初始化格式。,,
10429,Error,TRUE,FALSE,,,不是数组类型!!,,检查数组维度、下标范围和初始化格式。,,
10430,Error,TRUE,FALSE,,,不是数组类型!!,,检查数组维度、下标范围和初始化格式。,,
10431,Error,TRUE,FALSE,,,不是数组类型!!,,检查数组维度、下标范围和初始化格式。,,
10432,Error,TRUE,FALSE,,,StackIndex 是负数!,,根据错误位置检查语法与类型约束，必要时参考 DebugCode 输出链路定位。,,
10433,Error,TRUE,FALSE,,,IRC是调用虚函数为空!!,,检查函数签名、参数数量与静态/实例调用方式。,,
10434,Error,TRUE,FALSE,,,调用栈上动态函数,,检查函数签名、参数数量与静态/实例调用方式。,,
10435,Error,TRUE,FALSE,,,StackIndex 是负数!,,根据错误位置检查语法与类型约束，必要时参考 DebugCode 输出链路定位。,,
10436,Error,TRUE,FALSE,,,IRC是调用虚函数为空!!,,检查函数签名、参数数量与静态/实例调用方式。,,
10437,Error,TRUE,FALSE,,,IRC是调用虚函数为空!!,,检查函数签名、参数数量与静态/实例调用方式。,,
10438,Error,TRUE,FALSE,,,创建数组长度不是Int32类型!!,,检查数组维度、下标范围和初始化格式。,,
10439,Error,TRUE,FALSE,,,Error 加法运算!!超出的栈范围,,根据错误位置检查语法与类型约束，必要时参考 DebugCode 输出链路定位。,,
10440,Error,TRUE,FALSE,,,Error 减法运算!!超出的栈范围,,根据错误位置检查语法与类型约束，必要时参考 DebugCode 输出链路定位。,,
10441,Error,TRUE,FALSE,,,Error 乘法运算!!超出的栈范围,,根据错误位置检查语法与类型约束，必要时参考 DebugCode 输出链路定位。,,
10442,Error,TRUE,FALSE,,,Error 除法运算!!超出的栈范围,,根据错误位置检查语法与类型约束，必要时参考 DebugCode 输出链路定位。,,
10443,Error,TRUE,FALSE,,,Error 余法运算!!超出的栈范围,,根据错误位置检查语法与类型约束，必要时参考 DebugCode 输出链路定位。,,
10444,Error,TRUE,FALSE,,,Error 合并运算!!超出的栈范围,,根据错误位置检查语法与类型约束，必要时参考 DebugCode 输出链路定位。,,
10445,Error,TRUE,FALSE,,,Error 包括运算!!超出的栈范围,,根据错误位置检查语法与类型约束，必要时参考 DebugCode 输出链路定位。,,
10446,Error,TRUE,FALSE,,,Error 或运算!!超出的栈范围,,根据错误位置检查语法与类型约束，必要时参考 DebugCode 输出链路定位。,,
10447,Error,TRUE,FALSE,,,Error 右移运算!!超出的栈范围,,根据错误位置检查语法与类型约束，必要时参考 DebugCode 输出链路定位。,,
10448,Error,TRUE,FALSE,,,Error 左移运算!!超出的栈范围,,根据错误位置检查语法与类型约束，必要时参考 DebugCode 输出链路定位。,,
10449,Error,TRUE,FALSE,,,Error Not运算!!超出的栈范围,,根据错误位置检查语法与类型约束，必要时参考 DebugCode 输出链路定位。,,
10450,Error,TRUE,FALSE,,,Error Neg运算!!超出的栈范围,,根据错误位置检查语法与类型约束，必要时参考 DebugCode 输出链路定位。,,
10451,Error,TRUE,FALSE,,,Error 比较符超出一当前的数据栈!!,,根据错误位置检查语法与类型约束，必要时参考 DebugCode 输出链路定位。,,
10452,Error,TRUE,FALSE,,,Error 比较符超出一当前的数据栈!!,,根据错误位置检查语法与类型约束，必要时参考 DebugCode 输出链路定位。,,
10453,Error,TRUE,FALSE,,,Error 比较符超出一当前的数据栈!!,,根据错误位置检查语法与类型约束，必要时参考 DebugCode 输出链路定位。,,
10454,Error,TRUE,FALSE,,,Error 比较符超出一当前的数据栈!!,,根据错误位置检查语法与类型约束，必要时参考 DebugCode 输出链路定位。,,
10455,Error,TRUE,FALSE,,,Error 比较符超出一当前的数据栈!!,,根据错误位置检查语法与类型约束，必要时参考 DebugCode 输出链路定位。,,
10456,Error,TRUE,FALSE,,,Error 比较符超出一当前的数据栈!!,,根据错误位置检查语法与类型约束，必要时参考 DebugCode 输出链路定位。,,
10457,Error,TRUE,FALSE,,,Error 比较符超出一当前的数据栈!!,,根据错误位置检查语法与类型约束，必要时参考 DebugCode 输出链路定位。,,
10458,Error,TRUE,FALSE,,,Error 比较符超出一当前的数据栈!!,,根据错误位置检查语法与类型约束，必要时参考 DebugCode 输出链路定位。,,
10459,Error,TRUE,FALSE,,,Error 比较符超出一当前的数据栈!!,,根据错误位置检查语法与类型约束，必要时参考 DebugCode 输出链路定位。,,
10460,Error,TRUE,FALSE,,,Error 暂不支持,,根据错误位置检查语法与类型约束，必要时参考 DebugCode 输出链路定位。,,
10461,Error,TRUE,FALSE,,,SetStringValue,,根据错误位置检查语法与类型约束，必要时参考 DebugCode 输出链路定位。,,
10462,Error,TRUE,FALSE,,,IRC是调用虚函数为空!!,,检查函数签名、参数数量与静态/实例调用方式。,,
10463,Error,TRUE,FALSE,,, VM Compare SVAlue 比较的低码还没有完善!!,,根据错误位置检查语法与类型约束，必要时参考 DebugCode 输出链路定位。,,
10464,Error,TRUE,FALSE,,, VM Compare SVAlue string 比较的低码还没有完善!!,,根据错误位置检查语法与类型约束，必要时参考 DebugCode 输出链路定位。,,
10465,Error,TRUE,FALSE,,, VM Compare SVAlue boolean 比较的低码还没有完善!!,,根据错误位置检查语法与类型约束，必要时参考 DebugCode 输出链路定位。,,
10466,Error,TRUE,FALSE,,,IRC是调用虚函数为空!!,,检查函数签名、参数数量与静态/实例调用方式。,,
10467,Error,TRUE,FALSE,,, VM Compare SVAlue 比较的低码还没有完善!!,,根据错误位置检查语法与类型约束，必要时参考 DebugCode 输出链路定位。,,
10468,Error,TRUE,FALSE,,,else VM Compare SVAlue 比较的低码还没有完善!!,,根据错误位置检查语法与类型约束，必要时参考 DebugCode 输出链路定位。,,
10469,Error,TRUE,FALSE,,, end VM Compare SVAlue 比较的低码还没有完善!!,,根据错误位置检查语法与类型约束，必要时参考 DebugCode 输出链路定位。,,
10470,Error,TRUE,FALSE,,,不支持该类型的数组创建!!,,检查数组维度、下标范围和初始化格式。,,
10471,Error,TRUE,FALSE,,,执行的参数超出范围!! < 0 ,,根据错误位置检查语法与类型约束，必要时参考 DebugCode 输出链路定位。,,
10472,Error,TRUE,FALSE,,,执行的参数超出范围!!,,根据错误位置检查语法与类型约束，必要时参考 DebugCode 输出链路定位。,,
10473,Error,TRUE,FALSE,,,不支持该类型的数组读取!!,,检查数组维度、下标范围和初始化格式。,,
10474,Error,TRUE,FALSE,,,执行的参数超出范围!! < 0 ,,根据错误位置检查语法与类型约束，必要时参考 DebugCode 输出链路定位。,,
10475,Error,TRUE,FALSE,,,执行的参数超出范围!!,,根据错误位置检查语法与类型约束，必要时参考 DebugCode 输出链路定位。,,
10476,Error,TRUE,FALSE,,,Class Int8Object 该类型不是Int32类型!!,,检查类定义关键字、继承/接口与成员声明顺序。,,
10477,Error,TRUE,FALSE,,,Class SInt8Object 该类型不是Int32类型!!,,检查类定义关键字、继承/接口与成员声明顺序。,,
10478,Error,TRUE,FALSE,,,Class Int16Object 该类型不是Int16类型!!,,检查类定义关键字、继承/接口与成员声明顺序。,,
10479,Error,TRUE,FALSE,,,Class UInt32Object 该类型不是UInt32类型!!,,检查类定义关键字、继承/接口与成员声明顺序。,,
10480,Error,TRUE,FALSE,,,Class Int32Object 该类型不是Int32类型!!,,检查类定义关键字、继承/接口与成员声明顺序。,,
10481,Error,TRUE,FALSE,,,Class UInt32Object 该类型不是Int32类型!!,,检查类定义关键字、继承/接口与成员声明顺序。,,
10482,Error,TRUE,FALSE,,,该类型不是Int64类型!!,,检查类定义关键字、继承/接口与成员声明顺序。,,
10483,Error,TRUE,FALSE,,,该类型不是Int64类型!!,,检查类定义关键字、继承/接口与成员声明顺序。,,
10484,Error,TRUE,FALSE,,,该类型不是stringObj类型!!,,检查类定义关键字、继承/接口与成员声明顺序。,,
10485,Error,TRUE,FALSE,,,该类型不是classObj类型!!,,检查类定义关键字、继承/接口与成员声明顺序。,,
10486,Error,TRUE,FALSE,,,不支持该类型的数组存储!!,,检查数组维度、下标范围和初始化格式。,,
10487,Error,TRUE,FALSE,,,执行的参数超出范围!!,,根据错误位置检查语法与类型约束，必要时参考 DebugCode 输出链路定位。,,
10488,Error,TRUE,FALSE,,,执行的参数超出范围!! < 0 ,,根据错误位置检查语法与类型约束，必要时参考 DebugCode 输出链路定位。,,
10489,Error,TRUE,FALSE,,,执行的参数超出范围!!,,根据错误位置检查语法与类型约束，必要时参考 DebugCode 输出链路定位。,,
10490,Error,TRUE,FALSE,,,执行的参数超出范围!!,,根据错误位置检查语法与类型约束，必要时参考 DebugCode 输出链路定位。,,
10491,Error,TRUE,FALSE,,,Boolean 该类型不是Int32类型!!,,检查类定义关键字、继承/接口与成员声明顺序。,,
10492,Error,TRUE,FALSE,,,Byte 该类型不是Int32类型!!,,检查类定义关键字、继承/接口与成员声明顺序。,,
10493,Error,TRUE,FALSE,,,Sbyte 该类型不是Int32类型!!,,检查类定义关键字、继承/接口与成员声明顺序。,,
10494,Error,TRUE,FALSE,,,Int16 该类型不是Int32类型!!,,检查类定义关键字、继承/接口与成员声明顺序。,,
10495,Error,TRUE,FALSE,,,UInt16 该类型不是Int16类型!!,,检查类定义关键字、继承/接口与成员声明顺序。,,
10496,Error,TRUE,FALSE,,,Int32 该类型不是Int32类型!!,,检查类定义关键字、继承/接口与成员声明顺序。,,
10497,Error,TRUE,FALSE,,,UInt32 该类型不是UInt32类型!!,,检查类定义关键字、继承/接口与成员声明顺序。,,
10498,Error,TRUE,FALSE,,,Int64 该类型不是Int32类型!!,,检查类定义关键字、继承/接口与成员声明顺序。,,
10499,Error,TRUE,FALSE,,,UInt64 该类型不是Int64类型!!,,检查类定义关键字、继承/接口与成员声明顺序。,,
10500,Error,TRUE,FALSE,,,Float 该类型不是float类型!!,,检查类定义关键字、继承/接口与成员声明顺序。,,
10501,Error,TRUE,FALSE,,,Double 该类型不是Double类型!!,,检查类定义关键字、继承/接口与成员声明顺序。,,
10502,Error,TRUE,FALSE,,,String 该类型不是Int32类型!!,,检查类定义关键字、继承/接口与成员声明顺序。,,
10503,Error,TRUE,FALSE,,,Class Int8Object 该类型不是Int32类型!!,,检查类定义关键字、继承/接口与成员声明顺序。,,
10504,Error,TRUE,FALSE,,,Class SInt8Object 该类型不是Int32类型!!,,检查类定义关键字、继承/接口与成员声明顺序。,,
10505,Error,TRUE,FALSE,,,Class Int16Object 该类型不是Int16类型!!,,检查类定义关键字、继承/接口与成员声明顺序。,,
10506,Error,TRUE,FALSE,,,Class UInt32Object 该类型不是UInt32类型!!,,检查类定义关键字、继承/接口与成员声明顺序。,,
10507,Error,TRUE,FALSE,,,Class Int32Object 该类型不是Int32类型!!,,检查类定义关键字、继承/接口与成员声明顺序。,,
10508,Error,TRUE,FALSE,,,Class UInt32Object 该类型不是Int32类型!!,,检查类定义关键字、继承/接口与成员声明顺序。,,
10509,Error,TRUE,FALSE,,,该类型不是Int64类型!!,,检查类定义关键字、继承/接口与成员声明顺序。,,
10510,Error,TRUE,FALSE,,,该类型不是Int64类型!!,,检查类定义关键字、继承/接口与成员声明顺序。,,
10511,Error,TRUE,FALSE,,,该类型不是stringObj类型!!,,检查类定义关键字、继承/接口与成员声明顺序。,,
10512,Error,TRUE,FALSE,,,该类型不是classObj类型!!,,检查类定义关键字、继承/接口与成员声明顺序。,,
11000,Error,TRUE,FALSE,1,,在之前[{0}]已经定义过了表达式,,请检查之前是否是表达式 在Token/Node层的解析有问题,,
11001,INFO,FALSE,FALSE,0,"","","","",""
11002,Error,TRUE,TRUE,1,,"没有找到工程的路径:{0}",,,
11003,Error,TRUE,TRUE,1,,没工找到工程的工作目录:{0},,,
11004,Info,FALSE,FALSE,1,,加载配置文件[{0}]!,,,
11005,Error,TRUE,TRUE,1,,加载配置文件[{0}]没有发现,,,
11006,Error,TRUE,TRUE,1,,解析配置文件[{0}]错误,,,
11007,Info,FALSE,FALSE,1,,要编译的文件数量:{0},,,
11008,Info,FALSE,FALSE,1,,开始编译:{0},,,
11009,Error,FALSE,FALSE,1,,没有生成成功表达式:{0},,,
11010,Error,FALSE,FALSE,1,,没有找到相应的定义类型{0},,,
11011,Error,FALSE,FALSE,1,,在函数声明时，发生了冲突{0},,,
11012,Error,FALSE,FALSE,1,,在函数声明时，发现不应该出现的token{0},,,
11013,Error,FALSE,FALSE,1,,在函数声明时，没有发现定义函数名称{0},,,
11014,Error,FALSE,FALSE,1,,在解析表达式时 在{0}的表达式，不合法!,,,
11015,Error,FALSE,FALSE,3,,在父类{0}声明了{1}的函数是需要在{2}类中实现的,声明继承的父类中abstract的函数,,,
11016,Warning,FALSE,FALSE,2,,重复定义了函数 原来函数位置:{0} 新函数位置:{1},,,
11017,Error,TRUE,FALSE,2,,定义类型[{0}与表达式类型[{1}]不匹配，且常量值超出目标类型范围:,,,
11018,Error,TRUE,FALSE,2,,解析链 [{0}] 在[{1}] 失败:,,,
11019,Error,TRUE,FALSE,1,,解析链 节点[{0}] 没有找到,,,
11020,Warning,FALSE,FALSE,2,,解析链 节点[{0}] 没有在类[{1}]中没有被发现,,,
11021,Warning,FALSE,FALSE,1,,解析链 [{0}] 出现了错误,,,
11022,Error,TRUE,FALSE,1,,生成IRMetaType {0} 为空,,,
11023,Error,TRUE,FALSE,1,,编译文件 {0} 读取失败,,,
11024,Error,TRUE,FALSE,3,,必须在接口类型中，接口类:[{0}]下的[{1}]要在实例类[{2}]实现接口函数,,,
11025,Info,FALSE,FALSE,1,,文件[{0}]编译File层完成,,,
11026,Info,FALSE,FALSE,0,,编译Meta层开始,,,
11027,Info,FALSE,FALSE,0,,编译Meta层结束,,,
11028,Assert,TRUE,FALSE,1,,没有这种类型的处理逻辑[{0}],,,
11029,Assert,TRUE,FALSE,2,,没有找到在函数[{0}]处理时的[{1}]的声明变量,,,
11030,Error,TRUE,FALSE,1,,解析表达式[{0}]失败 ,,,
11031,Error,TRUE,FALSE,1,,解析的for结构的时候，对in Content:[{0}]不支持迭代,可以尝试使用 var as IIterable<Object>强制转化再进行读取,,
11032,Error,TRUE,FALSE,1,,在类[{0}]中，成员变量[{1}] 只允许static/const的变量初始化自己，其它的不允许创建自己的变量，只允许为null,,,
11033,Error,TRUE,FALSE,2,,构造动态数据实例的时候，需要 使用 命名[{0}]=内容实例[{1}] 的格式进行初始化,,,
11034,Info,FALSE,FALSE,1,,开始编译阶段: {0},,,
11035,Info,FALSE,FALSE,1,,编译阶段[{0}]完成,,,
11036,Error,FALSE,FALSE,2,,编译阶段[{0}]失败: {1},,,
11037,Warning,FALSE,FALSE,1,,编译阶段[{0}]被跳过，前置阶段未成功完成,,,
11038,Warning,FALSE,FALSE,2,,编译阶段[{0}]产生了[{1}]个错误，仅提示，不阻止后续编译,,,
11039,Error,FALSE,FALSE,2,,编译步骤[{0}]执行失败: {1},,,
11040,Error,FALSE,FALSE,2,,编译文件[{0}]失败: {1},,,
11041,Info,FALSE,FALSE,1,,编译过程汇总: {0},,,
12157,Error,FALSE,FALSE,0,,global的值，只允许在Project.sp文件中，进行赋值，而不允许在其它函数中进行调用,,Auto-generated LID mapping,,
12158,Error,TRUE,FALSE,0,,处理右置表达式[{0}]失败,,Auto-generated LID mapping,,
12247,Error,TRUE,FALSE,0,," 定义变量NameToken没有发现",,Auto-generated LID mapping,,
12248,Error,TRUE,FALSE,0,," 定义变在等号前部分的数字为0，语法不允许",,Auto-generated LID mapping,,
12249,Error,TRUE,FALSE,0,," 不支持VisitNode的类型[{0}]的处理",,Auto-generated LID mapping,,
12250,Error,TRUE,FALSE,1,,处理variableFrom[{0}]没有找到相关类型的处理,,Auto-generated LID mapping,,
12251,Error,FALSE,FALSE,1,,在处理定义变量语句时，没有发现[{0}],,Auto-generated LID mapping,,
12252,Error,TRUE,FALSE,1,,[{0}]在解析使用[]或者是$x的方式的时候，它的主体应该是一个数组类型,,Auto-generated LID mapping,,
12253,Error,TRUE,FALSE,2,,数组声明类型[{0}]与右侧表达式类型[{1}]须完全一致，不允许数组协变（元素类型不可用子类型数组代替父类型数组）。,,Auto-generated LID mapping,,
12254,Error,TRUE,FALSE,2,,"在查找类型[{0}]的过程,没有发现模板数为[{1}]的类型!",,Auto-generated LID mapping,,
12255,Error,TRUE,FALSE,1,,"数组在解析时候的维度应该是[{0}]",,Auto-generated LID mapping,,
12256,Error,TRUE,FALSE,1,,"在定义的类名[{0}]没有找到相关的定义",,Auto-generated LID mapping,,
12257,Error,TRUE,FALSE,1,,"数组[{0}]没有找到定义长度",,Auto-generated LID mapping,,
12258,Error,TRUE,FALSE,1,,"定义表达式[{0}]应该是一维数组",,Auto-generated LID mapping,,
12259,Error,TRUE,FALSE,0,,"",,Auto-generated LID mapping,,
12260,Error,TRUE,FALSE,1,,"这里与关键字{0}没有匹配的{}",,Auto-generated LID mapping,,
12261,Error,TRUE,FALSE,1,,"Data数据中，不允许使用除自定义以后的{0}字段!",,Auto-generated LID mapping,,
12262,Error,TRUE,FALSE,0,,"New的方法，已经独立于表达式",,Auto-generated LID mapping,,
12263,Error,TRUE,FALSE,0,,"当前的表达式[{0}]不支持该类型",,Auto-generated LID mapping,,
12264,Error,TRUE,FALSE,1,,"没有找到对应的from[{0}]",,Auto-generated LID mapping,,
12265,Error,TRUE,FALSE,0,,"没有找到相关的初始化函数",,Auto-generated LID mapping,,
12266,Error,TRUE,FALSE,0,,"在等号后边必须有赋值语句",,Auto-generated LID mapping,,
12267,Error,TRUE,FALSE,2,,"MetaDataMember已有定义类: [{0}]中 已有: [{1}]的元素!!",,Auto-generated LID mapping,,
12268,Error,TRUE,FALSE,0,,"Data中不允许有Variable 和 Function",,Auto-generated LID mapping,,
12269,Error,TRUE,FALSE,0,,"不支持解析该类型",,Auto-generated LID mapping,,
12270,Error,TRUE,FALSE,2,,"在[{0}]中没有发现[{1}]的元素",,Auto-generated LID mapping,,
12271,Error,TRUE,FALSE,1,,"没有发现[{0}]的命名空间",,Auto-generated LID mapping,,
12272,Error,TRUE,FALSE,1,,"字符串解析需要结束符 对[{0}]字符后",,Auto-generated LID mapping,,
12273,Error,TRUE,FALSE,2,,"[{0}]类的[{1}]函数中，需要增加override关键字，增加函数体的约束",,Auto-generated LID mapping,,
12274,Error,TRUE,FALSE,0,,"解析函数子类不能override父类final的方法",,Auto-generated LID mapping,,
12275,Error,TRUE,FALSE,0,,"解析Local的逻辑失败了",,Auto-generated LID mapping,,
12276,Error,TRUE,FALSE,0,,"local被定义了两次，在一个文件中，只允许在前排放置1个local",,Auto-generated LID mapping,,
12277,Error,TRUE,FALSE,0,,"local后边应该有{}的语法",,Auto-generated LID mapping,,
12278,Error,TRUE,FALSE,0,,"函数体[{0}]后边应该有{}的语法",,Auto-generated LID mapping,,
12279,Error,TRUE,TRUE,0,,"local中，如果前边已经出现定义函数，则后边不允许有逻辑语句",,Auto-generated LID mapping,,
12280,Error,TRUE,FALSE,1,,"使用goto跳转，标签[{0}]未在本函数中定义!!",,Auto-generated LID mapping,,
12281,Error,TRUE,FALSE,1,,"标签[{0}]在同一函数中重复定义!!",,Auto-generated LID mapping,,
12282,Error,TRUE,FALSE,0,,"函数内裸块{}不再支持: 必须写成 'label 名字 { }' 或 'label _ { }'（自动命名）!!",,Auto-generated LID mapping,,
12283,Error,TRUE,FALSE,0,,"系统内部方法不允许static声明",,Auto-generated LID mapping,,
12284,Error,TRUE,FALSE,0,,"系统内部方法需要override标记",,Auto-generated LID mapping,,
12285,Error,TRUE,FALSE,0,,"系统内部方法参数不符合规则",,Auto-generated LID mapping,,
12286,Error,TRUE,FALSE,0,,"系统内部方法返回类型不符合规则",,Auto-generated LID mapping,,
12287,Error,TRUE,FALSE,0,,"父类final系统内部方法不允许再定义",,Auto-generated LID mapping,,

20000,Info,FALSE,TRUE,0,,Error [{}] node is null,,,,
20001,Info,FALSE,TRUE,0,,Error 解析namespace添加命名空间节点时，发现已有定义类11!!,,,,
20002,Info,FALSE,TRUE,0,,Error 解析namespace添加命名空间节点时，发现已有定义类22!!,,,,
20003,Info,FALSE,TRUE,0,,Error 解析namespace添加命名空间节点时，发现已有定义类33!!,,,,
20004,Info,FALSE,TRUE,0,,Error 解析namespace添加命名空间节点时，发现已有定义类44!!,,,,
20005,Info,FALSE,TRUE,0,,jsonc data array '{}' contains unsupported element types (only primitive/array supported).,,,,
20006,Info,FALSE,TRUE,0,,Unsupported jsonc data value kind for '{}': {},,,,
20007,Info,FALSE,TRUE,0,,Inject _inputArgs failed: cannot build Array<Object> meta type.,,,,
20008,Info,FALSE,TRUE,0,,"dllImports: FFI.Library not found (Std not referenced?), skip global.dllImport injection.",,,,
20009,Info,FALSE,TRUE,0,,"dllImports: alias '{}' is not a valid identifier, skipped.",,,,
20010,Info,FALSE,TRUE,0,,"dllImports: synthetic holder class parse failed, global.dllImport not injected.",,,,
20011,Info,FALSE,TRUE,0,,dllImports: holder class synthesis error: {},,,,
20012,Info,FALSE,TRUE,0,,"dllImports: function name '{}' is not a valid identifier, skipped.",,,,
20013,Info,FALSE,TRUE,0,,"dllImports: function '{}' sig '{}' has unsupported type, skipped.",,,,
20014,Info,FALSE,TRUE,0,,"dllImports: function '{}' bind expression build failed, skipped.",,,,
20015,Info,FALSE,TRUE,0,,"dllImports: inject global.{} = FFI.StaticLibrary.bindFunction({}, {}, {})",,,,
20016,Info,FALSE,TRUE,0,,Export project guide markdown failed:,,,,
20017,Info,FALSE,TRUE,0,,,,,,
20018,Info,FALSE,TRUE,0,,已经添加过一次该文件:,,,,
20019,Info,FALSE,TRUE,0,,没有找到要编译的文件:,,,,
20020,Info,FALSE,TRUE,0,,"Reference module not found or could not be loaded: path={}, name={}",,,,
20021,Info,FALSE,TRUE,0,,Reference module read failed:,,,,
20022,Error,TRUE,FALSE,0,,Reference module read failed:,,,,
20023,Info,FALSE,TRUE,0,,"Reference module '{}' is already loaded, skipping. path={}",,,,
20024,Info,FALSE,TRUE,0,,"Reference module loaded (compiled): name={}, path={}",,,,
20025,Info,FALSE,TRUE,0,,"Reference module uuid mismatch: {}, expected={}, actual={}",,,,
20026,Error,TRUE,FALSE,0,,not find base type,,,,
20027,Error,TRUE,FALSE,0,,not find interface type,,,,
20028,Info,FALSE,TRUE,0,,Reference source module .jsonc parse failed: {} {},,,,
20029,Info,FALSE,TRUE,0,,Reference module registered {} system calls. path={},,,,
20030,Info,FALSE,TRUE,0,,Reference module alias is empty: {},,,,
20031,Info,FALSE,TRUE,0,,"Reference module '{}' is already loaded, skipping. path={}",,,,
20032,Info,FALSE,TRUE,0,,"Reference module loaded (source): name={}, path={}, structCount={}",,,,
20050,Info,FALSE,TRUE,0,,DllImportSourceRewriter: '{0}' rewritten {1} C#-style declaration(s),,,,
20051,Error,TRUE,FALSE,0,,"import system method call param type not found! name={}, paramType={}",,,,
20052,Error,TRUE,FALSE,0,,"import system method call param type not found! name={}, paramType={}",,,,
20053,Error,TRUE,FALSE,0,,import system method call name had define!,,,,
20100,Info,FALSE,TRUE,0,,Error Cannot undo char beyond start of source.,,,,
20101,Info,FALSE,TRUE,0,,nosupport <<<? style!,,,,
20102,Info,FALSE,TRUE,0,,,,,,
20103,Info,FALSE,TRUE,0,,Error ReadNumber ...,,,,
20104,Info,FALSE,TRUE,0,,char. logic is float format call inner functionname,,,,
20105,Info,FALSE,TRUE,0,,"Decimal number overflow ({}), fallback to UInt64.MaxValue.",,,,
20106,Info,FALSE,TRUE,0,,"Radix number overflow (0{}{}), fallback to UInt64.MaxValue.",,,,
20107,Info,FALSE,TRUE,0,,@ _ token,,,,
20108,Info,FALSE,TRUE,0,,end char reached before closing quote in string literal,,,,
20109,Info,FALSE,TRUE,0,,end char reached before closing quote in string literal,,,,
20110,Info,FALSE,TRUE,0,,end char reached before closing quote in string literal,,,,
20111,Info,FALSE,TRUE,0,,other char need handle,,,,
20112,Info,FALSE,TRUE,0,,# 。。。 level,,,,
20113,Info,FALSE,TRUE,0,,Error 块注释 #! 未闭合，直接跳到文件末尾 :,,,,
20114,Info,FALSE,TRUE,0,,read $,,,,
20115,Info,FALSE,TRUE,0,,,,,,
20116,Info,FALSE,TRUE,0,,现在$符必须使用.$方式!!,,,,
20117,Info,FALSE,TRUE,0,,现在$符必须使用.$方式!!,,,,
20200,Info,FALSE,TRUE,0,,Error AddParseClassNodeInfo,,,,
20201,Info,FALSE,TRUE,0,,Error AddParseVariableInfo,,,,
20202,Info,FALSE,TRUE,0,,Error AddParseDataInfo,,,,
20203,Info,FALSE,TRUE,0,,Error AddParseFunctionNodeInfo,,,,
20204,Info,FALSE,TRUE,0,,Error typealias 只能写在 import/local 后、namespace/class/data/enum 前,,,,
20205,Info,FALSE,TRUE,0,,Error 不允许 在File头级目录中出现 :,,,,
20206,Info,FALSE,TRUE,0,,Error 不允许 在File头级目录中出现2 :,,,,
20207,Info,FALSE,TRUE,0,,解析成Code代码结构文件成功!!! 下一步，可以生产Meta文件了,,,,
20208,Info,FALSE,TRUE,0,,[{}]解析出现错误 ParseFile :,,,,
20209,Info,FALSE,TRUE,0,,Error typealias 后缺少别名与类型,,,,
20210,Info,FALSE,TRUE,0,,Error typealias 后应为单个标识符别名,,,,
20211,Info,FALSE,TRUE,0,,Error typealias 缺少 = 与目标类型,,,,
20212,Info,FALSE,TRUE,0,,Error typealias 目标类型无法解析,,,,
20213,Info,FALSE,TRUE,0,,Error local{} 中定义的函数不允许使用 static,,,,
20214,Info,FALSE,TRUE,0,,Error 在解析namespace 中，后边跟着参数多于正常语法!!,,,,
20215,Info,FALSE,TRUE,0,,Error 在解析namespace 中，需要强制;号结束,,,,
20216,Info,FALSE,TRUE,0,,现在不允许 namespace {};这种的语法了,,,,
20217,Info,FALSE,TRUE,0,,Error @Attribute 不允许出现在文件头级(只能在 namespace{} / class{} 内),,,,
20218,Info,FALSE,TRUE,0,,Error 不允许在解释Class的时候，有错误 的语法--------------------,,,,
20219,Info,FALSE,TRUE,0,,现在不允许 namespace N1;这种的语法了,,,,
20220,Info,FALSE,TRUE,0,,在namespace不允许有attribute,,,,
20221,Info,FALSE,TRUE,0,,Error 对于 namespace A.B{}的格式 多了一个参数!1,,,,
20222,Info,FALSE,TRUE,0,,Error 没有发现是Class还是Namespace的关键字!,,,,
20223,Info,FALSE,TRUE,0,,Error 类体内的 typealias 仅允许出现在 .sp 工程的 Project 类中,,,,
20224,Info,FALSE,TRUE,0,,Error StructParseFrame.ParseClassNode 解析的类后边不用使用;号结尾!!,,,,
20225,Info,FALSE,TRUE,0,,Error ParseClassNode 不允许2在解释Class的时候，有错误 的语法--------------------,,,,
20226,Info,FALSE,TRUE,0,,Error class 内部不允许使用 interface 修饰函数,,,,
20227,Info,FALSE,TRUE,0,,在fileMetaMemberVariable 不在class里边,,,,
20228,Info,FALSE,TRUE,0,,Error 在+-符前边不允许有其它非const类型存在!,,,,
20229,Info,FALSE,TRUE,0,,Error Data数据中 []中，不支持该类型的数据,,,,
20230,Info,FALSE,TRUE,0,,Error data 成员的 const 关键字只能出现在赋值号前,,,,
20231,Info,FALSE,TRUE,0,,Error data 成员定义中 const 必须位于名称之前,,,,
20232,Info,FALSE,TRUE,0,,Error 如果是 x=-??的形式，在符号后边,,,,
20233,Info,FALSE,TRUE,0,,Error 如果是 x=-??的形式，在符号后边,,,,
20234,Info,FALSE,TRUE,0,,Error 在定义Data数据的时候，如果有折行，只允许 ={} =[] 两种形式!,,,,
20235,Info,FALSE,TRUE,0,,Error 在定义Data数据的时候，不允许=号后边有其它形式的存在,,,,
20236,Info,FALSE,TRUE,0,,"匿名或嵌套的 data {{}} 内请使用英文逗号 ',' 分隔成员，不要使用 ';'",,,,
20237,Info,FALSE,TRUE,0,,Error 报错，不允许 解析Data有其它的类型出现!,,,,
20238,Info,FALSE,TRUE,0,,error 不允许在enum 内容里边再嵌套enum,,,,
20239,Info,FALSE,TRUE,0,,在解析enum member 中 成员变量 如果是identifier格式，则后边不允许跟当前格式,,,,
20240,Info,FALSE,TRUE,0,,不允许有{}其它形式的存在!,,,,
20241,Info,FALSE,TRUE,0,,Error 不允许在Else后增加任何代码,,,,
20242,Info,FALSE,TRUE,0,,warning 使用的是强制封号结束语句方式，注意这个节点会继承往下查找语句,,,,
20243,Info,FALSE,TRUE,0,,Error 多个Static!!,,,,
20244,Info,FALSE,TRUE,0,,Error 多个Const!!,,,,
20245,Info,FALSE,TRUE,0,,Error 多个Dynamic!!,,,,
20246,Info,FALSE,TRUE,0,,Error 多个Var!!,,,,
20247,Info,FALSE,TRUE,0,,Error 多个Data!!,,,,
20248,Info,FALSE,TRUE,0,,Error 多个Function!!,,,,
20249,Info,FALSE,TRUE,0,,Error 解析发现没有该节点!!,,,,
20250,Info,FALSE,TRUE,0,,Error 定义类型少于1,,,,
20251,Info,FALSE,TRUE,0,,Error 定义名称只允许一个字符串!!,,,,
20252,Error,TRUE,FALSE,0,,Error '=' 后缺少赋值表达式；不支持 '=n{}' 或 '= 后注释再换行 { }' 这类写法。请将右值与 '=' 放在同一行。,,,,
20253,Info,FALSE,TRUE,0,,Error '=' 后不允许直接换行或结束，右值必须与 '=' 同行出现（例如: [ { new() ClassName() 等）,,,,
20254,Info,FALSE,TRUE,0,,Error '=' 后未找到同一行右值表达式,,,,
20255,Info,FALSE,TRUE,0,,Error 闭包只能定义在方法体内!,,,,
20256,Info,FALSE,TRUE,0,,Error 匿名闭包需使用 function 关键字: var name = function( 参数 ) { 闭包体 },,,,
20257,Info,FALSE,TRUE,0,,Error 暂不支持 a = if/switch{}语法,,,,
20258,Info,FALSE,TRUE,0,,Error 当为定义变量时，名称不能为空!!,,,,
20259,Info,FALSE,TRUE,0,,Error,,,,
20260,Info,FALSE,TRUE,0,,Error spawn 匿名闭包语法应为: spawn function( 参数 ) { 闭包体 },,,,
20261,Info,FALSE,TRUE,0,,Error spawn 匿名闭包只能出现在方法体内!,,,,
20262,Info,FALSE,TRUE,0,,"Error spawn 后必须是带参数列表的函数调用, 例如: spawn f( 1, 2 )",,,,
20263,Info,FALSE,TRUE,0,,Error spawn 目前最多支持 3 个参数!,,,,
20264,Info,FALSE,TRUE,0,,"Error spawn 后必须是函数调用或匿名闭包, 例如: spawn f( 1, 2 ) 或 spawn function(){...}",,,,
20265,Info,FALSE,TRUE,0,,Error await 后缺少表达式!,,,,
20266,Info,FALSE,TRUE,0,,Error 闭包(function)只能定义在方法体内!,,,,
20267,Info,FALSE,TRUE,0,,Error 闭包定义语法不正确 应为 function name( 参数 ) { 闭包体 },,,,
20268,Info,FALSE,TRUE,0,,Error 闭包定义缺少名称,,,,
20269,Info,FALSE,TRUE,0,,"Error yield 不支持带表达式参数, 等待条件请使用 Coroutine.waitUntil( 谓词闭包 )",,,,
20270,Info,FALSE,TRUE,0,,Error yield 语句展开为 Coroutine.yieldNow() 失败!,,,,
20271,Info,FALSE,TRUE,0,,Error 解析Goto Label语法，只支持 goto id;的语法!!,,,,
20272,Info,FALSE,TRUE,0,,Error 解析GotoLabel中 后边必须使用普通字符,,,,
20273,Info,FALSE,TRUE,0,,Error For语句中，条件区域没有相关的值!!,,,,
20274,Info,FALSE,TRUE,0,,Error 解析for 第一部分错误，解析语句出错，不是定义类型语句!!,,,,
20275,Info,FALSE,TRUE,0,,Error 解析for 第二部分错误!!,,,,
20276,Info,FALSE,TRUE,0,,Error 解析for 第二部分错误!!,,,,
20277,Info,FALSE,TRUE,0,,Error 解析for 第三部分错误!!,,,,
20278,Info,FALSE,TRUE,0,,Error 创建 FileMetaCallLink 失败,,,,
20279,Info,FALSE,TRUE,0,,Error switch中不能出现除case/default子外的语句!!,,,,
20280,Info,FALSE,TRUE,0,,Error Case语句不允许没有检查值!!,,,,
20281,Info,FALSE,TRUE,0,,Error case is 类型匹配的格式为: case is ClassName [变量名]!!,,,,
20282,Info,FALSE,TRUE,0,,"Error 多值分割(|/)只允许number,string,bool",,,,
20283,Info,FALSE,TRUE,0,,Error 使用|或逗号切割开后，类型不相同!!,,,,
20284,Error,TRUE,FALSE,0,,greater count is zero,,,,
20285,Error,TRUE,FALSE,0,,() 符号没有对称! 原符号:,,,,
20286,Error,TRUE,FALSE,0,,() 符号没有对称! 原符号:,,,,
20300,Info,FALSE,TRUE,0,,Error 暂不允许使用namespace 定义命名空间!!!,,,,
20301,Info,FALSE,TRUE,0,,Error m_NodeList.Count == 0,,,,
20302,Info,FALSE,TRUE,0,,Error bind关键字后边没有相应的内容!,,,,
20303,Info,FALSE,TRUE,0,,"Error 已有继承类,请勿多重继承!",,,,
20304,Info,FALSE,TRUE,0,,Error 继承关键字后边没有相应的内容!,,,,
20305,Info,FALSE,TRUE,0,,Error 继承只能单继承，不能多继承!!,,,,
20306,Info,FALSE,TRUE,0,,接口关键字后边没有相应的内容!,,,,
20307,Info,FALSE,TRUE,0,,Error 字符两次赋值 107,,,,
20308,Info,FALSE,TRUE,0,,,,,,
20309,Info,FALSE,TRUE,0,,Error 不支持其它格式 在类后续的模板限定中!,,,,
20310,Info,FALSE,TRUE,0,,没有找到模板定义T,,,,
20311,Info,FALSE,TRUE,0,,Error 不支持其它格式 在类后续的模板限定中!,,,,
20312,Info,FALSE,TRUE,0,,Error 解析过了一次权限!!,,,,
20313,Info,FALSE,TRUE,0,,Error 解析过了一次Const!!,,,,
20314,Info,FALSE,TRUE,0,,Error 解析过了一次Class!!,,,,
20315,Info,FALSE,TRUE,0,,Error 解析过了一次Abstract!!,,,,
20316,Info,FALSE,TRUE,0,,Error 解析过了一次Enum!!,,,,
20317,Info,FALSE,TRUE,0,,Error 解析过了一次data!!,,,,
20318,Info,FALSE,TRUE,0,,Error 解析过了一次Class!!,,,,
20319,Info,FALSE,TRUE,0,,Error 解析过了一次Enum!!,,,,
20320,Info,FALSE,TRUE,0,,Error 解析过了一次data!!,,,,
20321,Info,FALSE,TRUE,0,,Error 解析过了一次Class!!,,,,
20322,Info,FALSE,TRUE,0,,Error 解析过了一次Enum!!,,,,
20323,Info,FALSE,TRUE,0,,Error 解析过了一次data!!,,,,
20324,Info,FALSE,TRUE,0,,Error 解析过了一次Class!!,,,,
20325,Info,FALSE,TRUE,0,,Error 解析过了一次Extend!!,,,,
20326,Info,FALSE,TRUE,0,,Error 解析过了一次bind!!,,,,
20327,Info,FALSE,TRUE,0,,Error 解析过了一次Enum!!,,,,
20328,Info,FALSE,TRUE,0,,Error 解析过了一次data!!,,,,
20329,Info,FALSE,TRUE,0,,Error 解析类时，已发现用过interface标记，不可重复使用该标记,,,,
20330,Info,FALSE,TRUE,0,,Error 解析类时，已发现用过interface标记，不可重复使用该标记,,,,
20331,Info,FALSE,TRUE,0,,Error 解析interface与class不可以周时出现!!,,,,
20332,Info,FALSE,TRUE,0,,Error 解析类时，已发现用过interface标记，不可重复使用该标记,,,,
20333,Info,FALSE,TRUE,0,,Error 解析类时，已发现用过interface标记，不可重复使用该标记,,,,
20334,Info,FALSE,TRUE,0,,Error 有其它未知类型在class中,,,,
20335,Info,FALSE,TRUE,0,,Error Enum方式，与enum同级，不允许同时出现,,,,
20336,Info,FALSE,TRUE,0,,Error Enum方式，不支持接口方式,,,,
20337,Info,FALSE,TRUE,0,,,,,,
20338,Info,FALSE,TRUE,0,,Error Enum方式，不支持bind的使用!!,,,,
20339,Info,FALSE,TRUE,0,,Error Enum方式，不支持权限的使用!!,,,,
20340,Info,FALSE,TRUE,0,,Error Enum方式，不支持partial的使用!!,,,,
20341,Info,FALSE,TRUE,0,,Error Enum方式，与data同级，不允许同时出现,,,,
20342,Info,FALSE,TRUE,0,,Error Enum方式，不支持接口方式,,,,
20343,Info,FALSE,TRUE,0,,Error Data方式，不支持bind的使用!!,,,,
20344,Info,FALSE,TRUE,0,,Error Data方式，不支持权限的使用!!,,,,
20345,Info,FALSE,TRUE,0,,Error Data方式，不支持partial的使用!!,,,,
20346,Info,FALSE,TRUE,0,,Error 解析类型名称错误!!,,,,
20347,Info,FALSE,TRUE,0,,Error 不支持其它格式 在类后续的模板限定中!,,,,
20348,Info,FALSE,TRUE,0,,Error 命名空间有误，必须为X.xx.X 类似的格式!,,,,
20349,Info,FALSE,TRUE,0,,Error 命名空间有误，必须为X.xx.X 类似的格式!,,,,
20350,Info,FALSE,TRUE,0,,已经有解析(),,,,
20351,Error,TRUE,FALSE,0,,[DBG FileMetaCallNode] node='{}' nodeType={} angleNode children={},,,,
20352,Info,FALSE,TRUE,0,,数组获取长度文件的时候，有异常!,,,,
20353,Info,FALSE,TRUE,0,,Error 在<>中没有发现元素!!,,,,
20354,Info,FALSE,TRUE,0,,"Error 在<T in> or <T []> or <T ClassName> 使用方法不正确,请使用 <T in []>或者是 <T in ClassName> !!",,,,
20355,Info,FALSE,TRUE,0,,Error 多重逗号，导致解析无法解析!!,,,,
20356,Info,FALSE,TRUE,0,,Error 首符号不能为逗号,,,,
20357,Info,FALSE,TRUE,0,,Error FileMetaAsOrIsTerm 参数不合法，无法构造 as/is 表达式,,,,
20358,Info,FALSE,TRUE,0,,Error nodeList.Count == 0,,,,
20359,Info,FALSE,TRUE,0,,Error FileMetaBraceTerm--,,,,
20360,Info,FALSE,TRUE,0,,Errorr FileMetaBraceTerm.HandleBraceTerm 解析{ a = ?} 时，多个=号 Token:,,,,
20361,Info,FALSE,TRUE,0,,Errorr FileMetaBraceTerm.HandleBraceTerm 解析{ a:'aaa'} 时，多个:号 Token:,,,,
20362,Info,FALSE,TRUE,0,,Error 在解析为{}中，数组形式 解析有问题!!,,,,
20363,Info,FALSE,TRUE,0,,Error 在解析为{}中，赋值= 解析有问题!!,,,,
20364,Info,FALSE,TRUE,0,,Error 在解析为{}中，出现了不该出现的格式,,,,
20365,Info,FALSE,TRUE,0,,"Warning [1,2,3,]有多余逗号出现??",,,,
20366,Info,FALSE,TRUE,0,,"Warning [1,2,3,]有多余逗号出现??",,,,
20367,Info,FALSE,TRUE,0,,Error 不支持在[]中解析()的逻辑!!,,,,
20368,Info,FALSE,TRUE,0,,Error 不支持在[]中解析Key的逻辑!!,,,,
20369,Info,FALSE,TRUE,0,,"Warning [1,2,3,]有多余逗号出现??",,,,
20370,Info,FALSE,TRUE,0,,Error Data数据中 []中，不支持该类型的数据,,,,
20371,Info,FALSE,TRUE,0,,Error Data数据中 []中，不支持该类型的数据,,,,
20372,Info,FALSE,TRUE,0,,Error not allow,,,,
20373,Info,FALSE,TRUE,0,,Error 表达式解析错误!! FileMetaExpress 575,,,,
20374,Info,FALSE,TRUE,0,,Error 只有在语句中，可以使用i++ 等语法，变量与传参是禁止使用i++,,,,
20375,Info,FALSE,TRUE,0,,Error 不能使用错误符号 !! FileMetaExpress 698,,,,
20376,Info,FALSE,TRUE,0,,Error BuildTst 表达式解析错误!! 604 [,,,,
20377,Info,FALSE,TRUE,0,,Error import必须有2个节点!!,,,,
20378,Info,FALSE,TRUE,0,,Error import 字符串中没有命名空间名称,,,,
20379,Info,FALSE,TRUE,0,,解析Import语句发生错误，没有找到对应的命名空间路径:,,,,
20380,Info,FALSE,TRUE,0,,没有找到 import 模块:,,,,
20381,Info,FALSE,TRUE,0,,文件:{} 没有找到:{} 下的:{},,,,
20382,Info,FALSE,TRUE,0,,解析Import语句发生错误，没有找到对应的命名空间路径:,,,,
20383,Info,FALSE,TRUE,0,,Error 解析NodeList出现错误~~~,,,,
20384,Info,FALSE,TRUE,0,,ParseBuildMetaParamter Error 定义参数的格式为 TypeName ParamName or param object[] ParamName,,,,
20385,Info,FALSE,TRUE,0,,Error 没有找到该定义名称 必须使用例: X = 101; 的格式,,,,
20386,Info,FALSE,TRUE,0,,Error 已有函数实体，不能同时出现两个函数实体!,,,,
20387,Info,FALSE,TRUE,0,,ParseFileMetaMemberFunction have Error,,,,
20388,Info,FALSE,TRUE,0,,Error 参数名称有重名!!!,,,,
20389,Info,FALSE,TRUE,0,,Error 参数名称有重名!!!,,,,
20390,Info,FALSE,TRUE,0,,Error 解析NodeList出现错误~~~,,,,
20391,Info,FALSE,TRUE,0,,Error listDefieNode 不能为空~,,,,
20392,Info,FALSE,TRUE,0,,Error 没有找到该定义名称 必须使用例: X = 103; 的格式,,,,
20393,Info,FALSE,TRUE,0,,token is null,,,,
20394,Info,FALSE,TRUE,0,,Error Data数据中 []中，不支持该类型的数据,,,,
20395,Info,FALSE,TRUE,0,,Error Data数据中 []中，不支持该类型的数据,,,,
20396,Info,FALSE,TRUE,0,,Error Data数据中 []中，不支持该类型的数据,,,,
20397,Info,FALSE,TRUE,0,,Error Data数据中 []中，不支持该类型的数据,,,,
20398,Info,FALSE,TRUE,0,,Error 多重定义名称的权限定义!!,,,,
20399,Info,FALSE,TRUE,0,,Error 多重定义名称的静态定义!!,,,,
20400,Info,FALSE,TRUE,0,,Error 多重定义const定义!!,,,,
20401,Info,FALSE,TRUE,0,,Error 多重定义名称的Mut定义!!,,,,
20402,Info,FALSE,TRUE,0,,Error 解析变量中，不允许的类型存在!!,,,,
20403,Info,FALSE,TRUE,0,,node List count > 2,,,,
20404,Info,FALSE,TRUE,0,,Error 在解析namespace 中，没有找到namespace设置的名称!!,,,,
20405,Info,FALSE,TRUE,0,,Error 暂不允许使用namespace 定义命名空间!!!,,,,
20406,Info,FALSE,TRUE,0,,FileMetaConditionExpressSyntax init,,,,
20407,Info,FALSE,TRUE,0,,Error 不能有多个if语句!!,,,,
20408,Info,FALSE,TRUE,0,,Error 解析Goto Label语法，只支持 goto id;的语法!!,,,,
20409,Info,FALSE,TRUE,0,,Error 解析GotoLabel中 后边必须使用普通字符,,,,
20410,Info,FALSE,TRUE,0,,"自定义字符错误, 参数不可以为空!!",,,,
20411,Info,FALSE,TRUE,0,,"自定义字符错误, 不可以为空!!",,,,
20412,Info,FALSE,TRUE,0,,检查到Import语句中，token内容lexeme为空!!,,,,
20413,Info,FALSE,TRUE,0,,检查到Import语句中，导入名称不合规!!,,,,
20414,Info,FALSE,TRUE,0,,解析NodeStructVariable时有=号，但没有值内容,,,,
20415,Info,FALSE,TRUE,0,,Error CreateFileOneTerm 单1表达式，没有找到该类型:,,,,
20416,Info,FALSE,TRUE,0,,Error --------------------------------------!!,,,,
20417,Info,FALSE,TRUE,0,,没有找到该类型:,,,,
20418,Info,FALSE,TRUE,0,,Error 生成表达式错误!!,,,,
20419,Info,FALSE,TRUE,0,,,,,,
20420,Info,FALSE,TRUE,0,,Export FileMeta debug data failed:,,,,
20421,Info,FALSE,TRUE,0,,Export Meta debug data failed:,,,,
20422,Info,FALSE,TRUE,0,,token not found extend in sharp!,,,,
20423,Info,FALSE,TRUE,0,,Error AddParseLocalNodeInfo,,,,
20424,Info,FALSE,TRUE,0,,Error AddParseNamespaceNodeInfo,,,,
20425,Info,FALSE,TRUE,0,,Error AddParseSyntaxNodeInfo,,,,
20426,Info,FALSE,TRUE,0,,Error local{} 只能写在 import 后、namespace/class/data/enum 前,,,,
20427,Info,FALSE,TRUE,0,,Error @Attribute 只允许写在 namespace{} / class{} 内,,,,
20428,Info,FALSE,TRUE,0,,Error @Attribute 名称为空,,,,
20429,Info,FALSE,TRUE,0,,Path:{0} Line:{1} Source: {2},,,,
20430,Info,FALSE,TRUE,0,,Error bind 引用的数据类型 '{}' 未找到或不是 data 类型!,,,,
20431,Info,FALSE,TRUE,0,,Warning 类 '{}' 已有成员 '{}'，跳过 bind 成员变量注入。,,,,
20432,Info,FALSE,TRUE,0,,Warning 类 '{}' 已有成员变量 '{}'，跳过 bind 字段访问器。,,,,
20433,Info,FALSE,TRUE,0,,Warning bind 数据中字段 '{}' 存在冲突，请手动实现 get/set。,,,,
20434,Info,FALSE,TRUE,0,,Warning 接口 '{}' bind 字段 '{}' 冲突，请手动声明。,,,,
20435,Info,FALSE,TRUE,0,,Error 类 '{}' 实现接口 '{}' bind 了数据 '{}'，但类未 bind 该数据!,,,,
20436,Info,FALSE,TRUE,0,,Error bind 展开失败：无法找到合成类 '{}'。,,,,
20437,Info,FALSE,TRUE,0,,Error bind 展开异常 (类 '{}'): {},,,,
20438,Error,TRUE,FALSE,0,,已经有一个重复的定义类了,,,,
20439,Info,FALSE,TRUE,0,,have parse extend in enum,,,,
20440,Info,FALSE,TRUE,0,,m_FileMetaClass is null in ParseExtendsRelation,,,,
20441,Info,FALSE,TRUE,0,,Error: positional argument follows keyword argument,,,,
20442,Info,FALSE,TRUE,0,,Error: no parameter named ',,,,
20443,Info,FALSE,TRUE,0,,Error: multiple values for parameter ',,,,
21000,Info,FALSE,TRUE,0,,Namespace name conflicts with existing node:,,,,
21001,Info,FALSE,TRUE,0,,Nickname: cannot find parent MetaNode for '{}',,,,
21002,Info,FALSE,TRUE,0,,Nickname: registered alias '{}' -> '{}' under '{}',,,,
21003,Info,FALSE,TRUE,0,,AOT: attribute registered on '{}' (no logic yet),,,,
21004,Info,FALSE,TRUE,0,,GPU: attribute registered on '{}' args={},,,,
21005,Info,FALSE,TRUE,0,,"DllImport: 需要 (库路径, 符号名) 两个字符串实参, owner='{}'",,,,
21006,Info,FALSE,TRUE,0,,DllImport: attribute registered on '{}' (initializer injected at member express parse),,,,
21007,Info,FALSE,TRUE,0,,"AttributeManager.ProcessCompileTime: compile={}, runtime={}",,,,
21008,Info,FALSE,TRUE,0,,Compile attribute error: attr={} owner={} err={},,,,
21009,Info,FALSE,TRUE,0,,No compile handler for attribute '{}' on {},,,,
21010,Info,FALSE,TRUE,0,,"Attribute Condition '{}' not met for {}, skipping",,,,
21011,Info,FALSE,TRUE,0,,AttributeHook {} owner:{} attr:{},,,,
21012,Info,FALSE,TRUE,0,,not found topLevelClass!!!,,,,
21013,Info,FALSE,TRUE,0,,"Namespace/data/enum node already exists, duplicate class node is not allowed.",,,,
21014,Info,FALSE,TRUE,0,,Found existing class node with incompatible define type.,,,,
21015,Info,FALSE,TRUE,0,,Found existing class node with incompatible define type2.,,,,
21016,Info,FALSE,TRUE,0,,???????????????????????????????????????!!,,,,
21017,Info,FALSE,TRUE,0,,??,,,,
21018,Info,FALSE,TRUE,0,,??,,,,
21019,Info,FALSE,TRUE,0,,Class,,,,
21020,Info,FALSE,TRUE,0,,Class,,,,
21021,Info,FALSE,TRUE,0,,useDefineNamespaceType not allow,,,,
21022,Info,FALSE,TRUE,0,,Class ??????? const ????,,,,
21023,Info,FALSE,TRUE,0,,???????????:{} ????????????????????!,,,,
21024,Info,FALSE,TRUE,0,,????????????????????????????????????????????????????????????!!,,,,
21025,Error,TRUE,FALSE,0,,,,,,
21026,Info,FALSE,TRUE,0,,不允许使用If语句!!,,,,
21027,Info,FALSE,TRUE,0,,不允许使用Switch语句!!,,,,
21028,Info,FALSE,TRUE,0,,不允许使用Switch语句!!,,,,
21029,Info,FALSE,TRUE,0,,Error CreateExpressNode 创建表达项不能为符号,,,,
21030,Error,TRUE,FALSE,0,,fmpt file meta express list count !,,,,
21031,Info,FALSE,TRUE,0,,Error CreateExpressNode 创建表达项不能为符号,,,,
21032,Info,FALSE,TRUE,0,,Error VisitFileMetaExpress fileMetaNode 不是符号!!,,,,
21033,Info,FALSE,TRUE,0,,Error VisitFileMetaExpress left and right都为空!!,,,,
21034,Info,FALSE,TRUE,0,,Error Optimaze don't support that ExpressType,,,,
21035,Error,TRUE,FALSE,0,,老类型不是CallLinkExpressNode,,,,
21036,Error,TRUE,FALSE,0,,oldmen as MetaConstExpressNode is null,,,,
21037,Info,FALSE,TRUE,0,,Error local{} generated class name conflict:,,,,
21038,Info,FALSE,TRUE,0,,Error local{} functions cannot use static keyword,,,,
21039,Info,FALSE,TRUE,0,,MetaAttribute.Parse: attribute name is null or empty,,,,
21040,Info,FALSE,TRUE,0,,"MetaAttribute.Parse: attribute class '{}' not found, args: {}, handleType: {}",,,,
21041,Info,FALSE,TRUE,0,,Error 鏉╃偞甯存稉鍙夌梾閺堝澹橀崚鏉挎値闁倻娈戦懞鍌滃仯  360!!!,,,,
21042,Info,FALSE,TRUE,0,,Parse Statement Error 閸︺劋濞囬悽鈭焑wClassName閻ㄥ嫭鏌熷蹇ョ礉閸氬氦绔熸稉宥呭帒鐠佸憡婀侀崗璺虹暊閻ㄥ嫯鐨熼悽?,,,,
21043,Error,TRUE,FALSE,0,,Error 绌烘潯浠惰繍绠楃 ?. 涓嶈兘鐢ㄤ簬鏋勯€犲嚱鏁?_init_!,,,,
21044,Error,TRUE,FALSE,0,,Error 绌烘潯浠惰繍绠楃 ?. 涓嶈兘鐢ㄤ簬 set 鍑芥暟!,,,,
21045,Error,TRUE,FALSE,0,,Error 绌烘潯浠惰繍绠楃 ?. 涓嶈兘鐢ㄤ簬 void 杩斿洖鍊肩殑鍑芥暟!,,,,
21046,Info,FALSE,TRUE,0,,鐟欙絾鐎藉畵灞筋殰expressList 閻ㄥ嫭妞傞崐娆忓絺閻㈢喍绨￠梻顕€顣?,,,,
21047,Info,FALSE,TRUE,0,,Error local implicit this: thisMetaVariable is null,,,,
21048,Info,FALSE,TRUE,0,,Meta Common Parse IteratorVariable----------------------------------------------------,,,,
21049,Info,FALSE,TRUE,0,,Error MetaStatements Parse  token == questionMarkDotToken !,,,,
21050,Info,FALSE,TRUE,0,,Error MetaStatements Parse  token == And !,,,,
21051,Info,FALSE,TRUE,0,,Error MetaStatements Parse  token 顑?!,,,,
21052,Info,FALSE,TRUE,0,,Error 111111!,,,,
21053,Info,FALSE,TRUE,0,,Error 123123123!,,,,
21054,Info,FALSE,TRUE,0,,bracket express parse failed!,,,,
21055,Info,FALSE,TRUE,0,,Error is fained11,,,,
21056,Info,FALSE,TRUE,0,,Error is fained222,,,,
21057,Info,FALSE,TRUE,0,,Error 閸λ媟ray.閸氬氦绔熸俊鍌涚亯娴ｈ法鏁ら崣姗€鍣洪幋鏍偓鍛Ц閺佹澘鐡х敮鎼佸櫤閿涘苯绻€妞よ濞囬悽藡rray.$閺傜懓绱?!,,,,
21058,Info,FALSE,TRUE,0,,Error not const value,,,,
21059,Info,FALSE,TRUE,0,,Error global can only be used at first position.,,,,
21060,Info,FALSE,TRUE,0,,global now allow function,,,,
21061,Info,FALSE,TRUE,0,,global now allow function,,,,
21062,Info,FALSE,TRUE,0,,Error new can only be used at first position.,,,,
21063,Info,FALSE,TRUE,0,,Error new cannot be used as non-function form.,,,,
21064,Info,FALSE,TRUE,0,,Error missing front define meta type.,,,,
21065,Info,FALSE,TRUE,0,,Error 111,,,,
21066,Info,FALSE,TRUE,0,,Error this is not allowed in member variable expression.,,,,
21067,Info,FALSE,TRUE,0,,Error this is not allowed in input parameter expression.,,,,
21068,Info,FALSE,TRUE,0,,Error this can only be used at first position.,,,,
21069,Error,TRUE,FALSE,0,,Error this()?!,,,,
21070,Error,TRUE,FALSE,0,,"Error 闂寘鍦ㄩ潤鎬佹柟娉曚腑瀹氫箟, 涓嶈兘浣跨敤 this!",,,,
21071,Error,TRUE,FALSE,0,,Error static function cannot use this.,,,,
21072,Error,TRUE,FALSE,0,,Error static function cannot use this.,,,,
21073,Info,FALSE,TRUE,0,,Error base can only be used at first position.,,,,
21074,Info,FALSE,TRUE,0,,Error base cannot be used as function form.,,,,
21075,Info,FALSE,TRUE,0,,Error base is not allowed in member variable expression.,,,,
21076,Info,FALSE,TRUE,0,,Error base is not allowed in input parameter expression.,,,,
21077,Info,FALSE,TRUE,0,,Error base requires class context.,,,,
21078,Info,FALSE,TRUE,0,,Error base parent class not found.,,,,
21079,Info,FALSE,TRUE,0,,Error local can only be used at first position.,,,,
21080,Info,FALSE,TRUE,0,,Error local cannot be used as function call form.,,,,
21081,Info,FALSE,TRUE,0,,Error local resolve failed: fileMeta is null,,,,
21082,Info,FALSE,TRUE,0,,"Error current file does not define local{}, cannot use local.xxx",,,,
21083,Info,FALSE,TRUE,0,,Error local class not found for file:,,,,
21084,Info,FALSE,TRUE,0,,Error local instance member not found on class:,,,,
21085,Info,FALSE,TRUE,0,,Error 娑撳秷鍏樼€圭偘绶ラ崠鏍ㄥ▕鐠烇紕琚?,,,,
21086,Info,FALSE,TRUE,0,,Error not found type,,,,
21087,Error,TRUE,FALSE,0,,not found memberDataType,,,,
21088,Info,FALSE,TRUE,0,,not found enum.member?,,,,
21089,Info,FALSE,TRUE,0,,(,,,,
21090,Info,FALSE,TRUE,0,,Error 闂寘璋冪敤娌℃湁杩斿洖绫诲瀷!,,,,
21091,Info,FALSE,TRUE,0,,Error 濞屸剝婀侀幍鎯у煂 閸忓厖绨猾璁宠厬,,,,
21092,Info,FALSE,TRUE,0,,Error m_FrontCallNode m_MetaType is null,,,,
21093,Info,FALSE,TRUE,0,,Error visit variable type is null,,,,
21094,Info,FALSE,TRUE,0,,Error front call node type not supported:,,,,
21095,Info,FALSE,TRUE,0,,Error Class._init_,,,,
21096,Info,FALSE,TRUE,0,,Error 瑜版挸澧犳担宥囩枂娑撳秴鍘戠拋鍛婃箒閸戣姤鏆熺拫鍐暏閺傜懓绱℃担璺ㄦ暏!!!,,,,
21097,Info,FALSE,TRUE,0,,Error data static 涓嶅厑璁歌繘琛屽疄渚嬪寲(new/鏋勯€犺皟鐢?:,,,,
21098,Info,FALSE,TRUE,0,,Error 閸︹問nputParam 闁插矁绔熼敍灞剧€鍝勫毐閺佸府绱濋崣顏勫帒鐠?娴ｈ法鏁lassName() 閻ㄥ嫭鏌熷?,,,,
21099,Info,FALSE,TRUE,0,,Error not support type,,,,
21100,Info,FALSE,TRUE,0,,Error {} is {} shuld not static variable,,,,
21101,Info,FALSE,TRUE,0,,Error Class.MemeberFunction not should non static,,,,
21102,Info,FALSE,TRUE,0,,Error constructor call is not allowed here.,,,,
21103,Info,FALSE,TRUE,0,,Error {}'s member variable {} is static!,,,,
21104,Info,FALSE,TRUE,0,,Error 閸︺劌缍嬮崜宥囪: {},,,,
21105,Info,FALSE,TRUE,0,,Error global.,,,,
21106,Info,FALSE,TRUE,0,,Error global.,,,,
21107,Info,FALSE,TRUE,0,,Error global.,,,,
21108,Info,FALSE,TRUE,0,,Error global.,,,,
21109,Info,FALSE,TRUE,0,,Error 鐠嬪啰鏁ら棃鐐烘饯閹焦鍨氶崨妯哄毐閺佸府绱濇稉宥堝厴娴ｈ法鏁lass.Variable閻ㄥ嫭鏌熷?,,,,
21110,Info,FALSE,TRUE,0,,Error constructor call is not allowed here.,,,,
21111,Info,FALSE,TRUE,0,,Error 鐠嬪啰鏁ら棃鐐烘饯閹焦鍨氶崨妯哄綁闁插骏绱濇稉宥堝厴娴ｈ法鏁lass.Variable閻ㄥ嫭鏌熷?,,,,
21112,Info,FALSE,TRUE,0,,Error 閸︺劌缍嬮崜宥囪: {},,,,
21113,Info,FALSE,TRUE,0,,Error HandleGetTypeByMetaVariable mv is null,,,,
21114,Info,FALSE,TRUE,0,,Error 濞屸剝婀侀幍鎯у煂{} 閻ㄥ嚜etaData閺佺増宓?,,,,
21115,Info,FALSE,TRUE,0,,Array index out of range.,,,,
21116,Info,FALSE,TRUE,0,,Cannot find suitable visit variable/access node.,,,,
21117,Info,FALSE,TRUE,0,,Error data 榛樿闈欐€佸疄渚嬪垱寤哄け璐ワ細globalData 涓虹┖銆?);          //        return null;          //    }            //    string varName =,,,,
21118,Info,FALSE,TRUE,0,,Error 濞屸剝婀侀崣鎴ｎ嚉RetMC閻ㄥ嫮琚崚鐜€etaCommon,,,,
21119,Info,FALSE,TRUE,0,,find meta member variable by name{},,,,
21120,Info,FALSE,TRUE,0,,not found functon by [,,,,
21121,Info,FALSE,TRUE,0,,Error data 涓嶆敮鎸佸湪鏈綋鍐呰皟鐢?,,,,
21122,Info,FALSE,TRUE,0,,Error enum 涓嶆敮鎸佸湪鏈綋鍐呰皟鐢?,,,,
21123,Info,FALSE,TRUE,0,,Error data 涓嶆敮鎸佸嚱鏁拌皟鐢?,,,,
21124,Info,FALSE,TRUE,0,,Error data '{}' does not have member variable '{}',,,,
21125,Info,FALSE,TRUE,0,,濞屸剝婀侀崣鎴犲箛鐎圭偘缍嬮惃鍕侀弶璺ㄨ!!,,,,
21126,Info,FALSE,TRUE,0,,set 鐨勬柟娉? 涓嶅簲璇ユ湁鍙傛暟锛岃€屾槸閫氳繃澶栭儴浼犲叆,,,,
21127,Info,FALSE,TRUE,0,,get 鐨勬柟娉? 涓嶅簲璇ユ湁鍙傛暟,,,,
21128,Error,TRUE,FALSE,0,,Error not found metatype class type,,,,
21129,Error,TRUE,FALSE,0,,find function failed,,,,
21130,Error,TRUE,FALSE,0,,,,,,
21131,Info,FALSE,TRUE,0,,Error 濞屸剝婀侀幍鎯у煂{} 閻ㄥ嚜etaData閺佺増宓?,,,,
21132,Error,TRUE,FALSE,0,,not found memberDataType,,,,
21133,Error,TRUE,FALSE,0,,dmemberDataType not is data,,,,
21134,Error,TRUE,FALSE,0,,dmemberDataType not is data 2,,,,
21135,Info,FALSE,TRUE,0,,已绑定过了继承类 :,,,,
21136,Info,FALSE,TRUE,0,,已绑定过了继承类 :,,,,
21137,Info,FALSE,TRUE,0,,没有发现继承类的类型!!!,,,,
21138,Info,FALSE,TRUE,0,,没有找到接口相关的定义类!!,,,,
21139,Info,FALSE,TRUE,0,,Error 继承的类123:{} 在继承的父类{} 中已包含:{},,,,
21140,Info,FALSE,TRUE,0,,Error 继承的类123:{} 在继承的父类{} 中已包含:{},,,,
21141,Error,TRUE,FALSE,0,,Error 继承的类321:{} 在继承的父类{} 中已包含:{},,,,
21142,Info,FALSE,TRUE,0,,Error 继承的类321:{} 在继承的父类{} 中已包含:{},,,,
21143,Info,FALSE,TRUE,0,,Error 类[,,,,
21144,Info,FALSE,TRUE,0,,Error 子类[,,,,
21145,Info,FALSE,TRUE,0,,Error 子类[,,,,
21146,Info,FALSE,TRUE,0,,Warning 类[,,,,
21147,Info,FALSE,TRUE,0,,Error 子类[,,,,
21148,Info,FALSE,TRUE,0,,Error 类[,,,,
21149,Info,FALSE,TRUE,0,,Error Project类,,,,
21150,Info,FALSE,TRUE,0,,Error MetaClass MemberVarAndFunc已有定义类:,,,,
21151,Info,FALSE,TRUE,0,,Error MetaClass MemberVarAndFunc已有定义类:,,,,
21152,Info,FALSE,TRUE,0,,Error Project类成员变量不允许显式定义 static/const，系统会按全局语义处理:,,,,
21153,Info,FALSE,TRUE,0,,Error MetaClass MemberVarAndFunc已有定义类:,,,,
21154,Info,FALSE,TRUE,0,,Info Project类成员函数默认按 static 处理:,,,,
21155,Info,FALSE,TRUE,0,,没有找发现默认构造函数,,,,
21156,Info,FALSE,TRUE,0,,重复添加接口,,,,
21157,Info,FALSE,TRUE,0,,Error 赋值表达式返回定义类型为空,,,,
21158,Info,FALSE,TRUE,0,,,,,,
21159,Info,FALSE,TRUE,0,,模板类型不匹配（接口模板位置仅在可协变标记下允许协变），请检查模板参数或接口变型规则。,,,,
21160,Error,TRUE,FALSE,0,,,,,,
21161,Error,TRUE,FALSE,0,,表达式错误，或者是定义类型错误,,,,
21162,Info,FALSE,TRUE,0,,没有找到父级别自己模板生成时的数据!!,,,,
21163,Info,FALSE,TRUE,0,,没有找到父级别自己模板生成时的数据!!,,,,
21164,Error,TRUE,FALSE,0,,这里需要个名字的定义!,,,,
21165,Info,FALSE,TRUE,0,,Error 继承的类123:{} 在继承的父类{} 中已包含:{},,,,
21166,Info,FALSE,TRUE,0,,Error 子data[,,,,
21167,Info,FALSE,TRUE,0,,Error data[,,,,
21168,Info,FALSE,TRUE,0,,Error data[,,,,
21169,Info,FALSE,TRUE,0,,Error Core.Member 缺少 value 字段，无法构造 Member 初始化,,,,
21170,Error,TRUE,FALSE,0,,Error Enum extends 没有找到继承类:,,,,
21171,Error,TRUE,FALSE,0,,Error Enum extends 仅允许内置整数类型（byte/sbyte/short/ushort/int/uint/long/ulong 等）、string、关键字 data，或具体 data 类型名；不允许继承普通 class:,,,,
21172,Info,FALSE,TRUE,0,,Error Enum 不允许继承另一个 Enum:,,,,
21173,Info,FALSE,TRUE,0,,Error Enum extends 解析到未知节点类型:,,,,
21174,Info,FALSE,TRUE,0,,Error member function not should function,,,,
21175,Info,FALSE,TRUE,0,,Error template define list,,,,
21176,Info,FALSE,TRUE,0,,ParseFileMetaEnumMemeberEnum 没有找到定义变量名称!,,,,
21177,Info,FALSE,TRUE,0,,Error Enum MetaMemberData have member variable,,,,
21178,Error,TRUE,FALSE,0,,repeat name,,,,
21179,Info,FALSE,TRUE,0,,Warning Enum :,,,,
21180,Error,TRUE,FALSE,0,,Warning Enum Member Enum realMetaType is null,,,,
21181,Info,FALSE,TRUE,0,,Error Enum Member Enum const express,,,,
21182,Info,FALSE,TRUE,0,,Error Enum Member Enum ex,,,,
21183,Info,FALSE,TRUE,0,,Error Enum Member Enum [,,,,
21184,Info,FALSE,TRUE,0,,Error Enum Member Enum [,,,,
21185,Info,FALSE,TRUE,0,,Error Enum Member Enum [,,,,
21186,Info,FALSE,TRUE,0,,Error Enum Member Enum [,,,,
21187,Info,FALSE,TRUE,0,,Error Enum Member Enum [,,,,
21188,Error,TRUE,FALSE,0,,Error Enum extends float8 or float16 is not support,,,,
21189,Error,TRUE,FALSE,0,,Error Enum Member Enum 鍐呭厑璁镐娇鐢╟onst鍊肩被鍙橀噺,,,,
21190,Error,TRUE,FALSE,0,,Error Enum Member Enum 鍐呭厑璁镐娇鐢╯tring鍊肩被鍙橀噺,,,,
21191,Error,TRUE,FALSE,0,,Error Enum extends data: member must have = assignment:,,,,
21192,Error,TRUE,FALSE,0,,Error Enum extends data: member value must be a data new expression,,,,
21193,Error,TRUE,FALSE,0,,Error Enum extends data: 成员必须是 extends 所指定 data 类型的实例（,,,,
21194,Error,TRUE,FALSE,0,,Error Enum extends data: member value must use data new expression,,,,
21195,Info,FALSE,TRUE,0,,Error Enum Member Enum 鍔ㄦ€佹垚鍛樼涓€浣嶅繀椤绘湁=鍙,,,,
21196,Info,FALSE,TRUE,0,,"Error Enum Member Enum 鍐呭厑璁镐娇鐢╠ata鍊肩被鍙橀噺, 涓嶅厑璁稿叾瀹冪被鍨",,,,
21197,Info,FALSE,TRUE,0,,Error Enum Member Enum 鍐呭厑璁镐娇鐢╠ata new 鍊肩被鍙橀噺,,,,
21198,Error,TRUE,FALSE,0,,not found metadata,,,,
21199,Error,TRUE,FALSE,0,,m_FileMetaBaseTermList need not null,,,,
21200,Error,TRUE,FALSE,0,,MetaArrayExpressNode defineMT need have template meta type,,,,
21201,Info,FALSE,TRUE,0,,????????,,,,
21202,Info,FALSE,TRUE,0,,????????,,,,
21203,Info,FALSE,TRUE,0,,???????????,,,,
21204,Info,FALSE,TRUE,0,,{} as/is {} data type convert error!!,,,,
21205,Info,FALSE,TRUE,0,,Error: checked 表达式只能在 label{} 或 checked label{} 块内使用,,,,
21206,Error,TRUE,FALSE,0,,,,,,
21207,Error,TRUE,FALSE,0,,MetaBraceAssignStatements not found FileMetaOpAssignSyntax,,,,
21208,Error,TRUE,FALSE,0,,MetaBraceAssignStatements not found FileMetaOpAssignSyntax,,,,
21209,Error,TRUE,FALSE,0,,Error ??,,,,
21210,Info,FALSE,TRUE,0,,member variable not found:,,,,
21211,Error,TRUE,FALSE,0,,set accessor param invalid:,,,,
21212,Error,TRUE,FALSE,0,,set accessor param type is null:,,,,
21213,Error,TRUE,FALSE,0,,member variable type is null,,,,
21214,Info,FALSE,TRUE,0,,member data not found:,,,,
21215,Error,TRUE,FALSE,0,,member data type is null,,,,
21216,Error,TRUE,FALSE,0,,unresolved type in brace assign:,,,,
21217,Info,FALSE,TRUE,0,,?Map???????:???,,,,
21218,Info,FALSE,TRUE,0,,?class???data???????=???,,,,
21219,Info,FALSE,TRUE,0,,?class???data?????????filemetaCallTerm,,,,
21220,Info,FALSE,TRUE,0,,Error ??,,,,
21221,Info,FALSE,TRUE,0,,-----------------------------------Enum-------------------------,,,,
21222,Info,FALSE,TRUE,0,,Error ??,,,,
21223,Info,FALSE,TRUE,0,,const ?????????????? '=' ????:,,,,
21224,Info,FALSE,TRUE,0,,const ?????????????? '=' ????:,,,,
21225,Info,FALSE,TRUE,0,,defineMt is Enum and expressMt is Enum define=,,,,
21226,Info,FALSE,TRUE,0,,"????????????, define=",,,,
21227,Info,FALSE,TRUE,0,,"??????????, define=",,,,
21228,Info,FALSE,TRUE,0,,"????????, define=",,,,
21229,Info,FALSE,TRUE,0,,???????????/Num ??????????????????????????? null,,,,
21230,Info,FALSE,TRUE,0,,"???????????????, define=",,,,
21231,Info,FALSE,TRUE,0,,"???????????????, element=",,,,
21232,Error,TRUE,FALSE,0,,MetaNewObjectExpressNode GetMaxLevelMetaType m_NewMetaType and m_DefineMetaType are null,,,,
21233,Info,FALSE,TRUE,0,,??????????,,,,
21234,Error,TRUE,FALSE,0,,not define template meta type list,,,,
21235,Info,FALSE,TRUE,0,,"??????,????,",,,,
21236,Error,TRUE,FALSE,0,,Error ????????FileMetaBracketTerm ??!,,,,
21237,Error,TRUE,FALSE,0,,List<T> requires exactly 1 template parameter,,,,
21238,Info,FALSE,TRUE,0,,List<T> brace-assign: expected comma between elements,,,,
21239,Error,TRUE,FALSE,0,,Error List<T> brace-assign: unsupported term type,,,,
21240,Info,FALSE,TRUE,0,,"??????,????,",,,,
21241,Info,FALSE,TRUE,0,,Error Array<Object> ???????????!,,,,
21242,Error,TRUE,FALSE,0,,!!!!,,,,
21243,Error,TRUE,FALSE,0,,m_ExpressReturnMetaType is null,,,,
21244,Error,TRUE,FALSE,0,,m_ExpressReturnMetaType is null,,,,
21245,Error,TRUE,FALSE,0,,m_ExpressReturnMetaType is null,,,,
21246,Error,TRUE,FALSE,0,,m_ExpressReturnMetaType is null,,,,
21247,Error,TRUE,FALSE,0,,??????????new??????????,,,,
21248,Error,TRUE,FALSE,0,,???????????,,,,
21249,Error,TRUE,FALSE,0,,???????????????,,,,
21250,Error,TRUE,FALSE,0,,?????? ??????????????,,,,
21251,Error,TRUE,FALSE,0,,???????????????! ??????????new?????????????!,,,,
21252,Error,TRUE,FALSE,0,,--,,,,
21253,Info,FALSE,TRUE,0,,??????????????????????????/???????????:,,,,
21254,Info,FALSE,TRUE,0,,?[]???????????,,,,
21255,Info,FALSE,TRUE,0,,?[]??????????[3][-1][-1]??????????[3][-1][2] ????,,,,
21256,Error,TRUE,FALSE,0,,Error 没有适合的符号!!!,,,,
21257,Error,TRUE,FALSE,0,,right or left is null,,,,
21258,Error,TRUE,FALSE,0,,enum类型只允许 == 或 != 运算!!,,,,
21259,Error,TRUE,FALSE,0,,不是同一个enum,,,,
21260,Error,TRUE,FALSE,0,,不是同一个enum,,,,
21261,Error,TRUE,FALSE,0,,is not enum member,,,,
21262,Error,TRUE,FALSE,0,,不是同一个enum,,,,
21263,Error,TRUE,FALSE,0,,不是同一个enum,,,,
21264,Info,FALSE,TRUE,0,,is not enum member,,,,
21265,Error,TRUE,FALSE,0,,不是同一个enum,,,,
21266,Error,TRUE,FALSE,0,,enum类型只允许 == 或 != 运算!!,,,,
21267,Error,TRUE,FALSE,0,,left or right class is null,,,,
21268,Error,TRUE,FALSE,0,,left or right class is null,,,,
21269,Error,TRUE,FALSE,0,,Error null == 或 != 运算!!,,,,
21270,Error,TRUE,FALSE,0,,"string type only support _plus_,_equal_,_noequal_",,,,
21271,Error,TRUE,FALSE,0,,布尔类型不能参与加减运算,,,,
21272,Error,TRUE,FALSE,0,,已启用 compile.requireSameNumericTypes：算术/位运算两侧须为同一数字类型（如 byte+byte、Int32+Int32），禁止不同类型混合运算。,,,,
21273,Error,TRUE,FALSE,0,,加减运算类型计算错误!!,,,,
21274,Error,TRUE,FALSE,0,,Error 字符串类型只能参与加法运算!!,,,,
21275,Error,TRUE,FALSE,0,,"string type only support _plus_,_equal_,_noequal_",,,,
21276,Error,TRUE,FALSE,0,,Left:,,,,
21277,Error,TRUE,FALSE,0,,,,,,
21278,Info,FALSE,TRUE,0,,Error: try 表达式只能在 label{} 或 checked label{} 块内使用,,,,
21279,Info,FALSE,TRUE,0,,meta gentemplate class cls={} template={} nonStatic={} templateNonStatic={},,,,
21280,Error,TRUE,FALSE,0,,assert 模板类的父类只能是普通类或者是带模板参数的类!,,,,
21281,Info,FALSE,TRUE,0,,没有找到模板中定义的模板内容!,,,,
21282,Error,TRUE,FALSE,0,,,,,,
21283,Info,FALSE,TRUE,0,,[,,,,
21284,Info,FALSE,TRUE,0,,MetaMemberData.ToString() 暂不支持其它类型 123,,,,
21285,Info,FALSE,TRUE,0,,Error Enum 中不允许使用 static 关键字，枚举值的静态语义由系统处理!!,,,,
21286,Error,TRUE,FALSE,0,,Error Enum中，不允许使用public/private等权限关键字!!,,,,
21287,Error,TRUE,FALSE,0,,Error Enum成员没有找到定义类型，无法解析!!,,,,
21288,Info,FALSE,TRUE,0,,Error 没有解析到Express的内容 在MetaMemberData 里边 372,,,,
21289,Info,FALSE,TRUE,0,,Error Core.Member 缺少 name/value/index 字段，无法构造 Member 初始化,,,,
21290,Info,FALSE,TRUE,0,,Error Core.Member 缺少 name/value/index 字段，无法构造 Member 初始化,,,,
21291,Info,FALSE,TRUE,0,,发现已经定义过某某类1,,,,
21292,Info,FALSE,TRUE,0,,"Error 没有查找到inClass的类名,",,,,
21293,Info,FALSE,TRUE,0,,没有找到{} 的相关返回类型!,,,,
21294,Info,FALSE,TRUE,0,,Error 当前类:,,,,
21295,Info,FALSE,TRUE,0,,Error 类[{}] 该函数[{}] 没有定义函数内容！！,,,,
21296,Info,FALSE,TRUE,0,,Error FileMetaConditionExpressSyntax: 暂不支持该类型的解析!!,,,,
21297,Info,FALSE,TRUE,0,,Error: unchecked{} 只能在 checked 上下文中使用 (checked label{} 或 checked{}),,,,
21298,Info,FALSE,TRUE,0,,Error 如果使用了var/data/dynamic/int 等前缀，有重复定义的行为,,,,
21299,Info,FALSE,TRUE,0,,Error 构造函数中，不允许使用定义字段，必须使用this.非静态或者是类名.静态字段赋值!,,,,
21300,Info,FALSE,TRUE,0,,Error 定义变量名称与类函数临时名称一样!!,,,,
21301,Info,FALSE,TRUE,0,,Error 定义变量名称与类定义名称一样 如果调用成员变量，需要在前边使用this.!!,,,,
21302,Info,FALSE,TRUE,0,,Error 生成MetaStatements出错KeyReturnSyntax类型错误!!,,,,
21303,Info,FALSE,TRUE,0,,Waning 还有没有解析的语句!! MetaMemberFunction 314,,,,
21304,Info,FALSE,TRUE,0,,没有找到定义变量名称!,,,,
21305,Error,TRUE,FALSE,0,,Error [{} ]配置成员变量时，必须需要有等号及后续的表达式!!,,,,
21306,Info,FALSE,TRUE,0,,DllImport: '{}.{}' 必须为 static 成员变量!!,,,,
21307,Info,FALSE,TRUE,0,,"DllImport: 需要 (库路径, 符号名) 两个字符串实参!!",,,,
21308,Info,FALSE,TRUE,0,,DllImport: alias '{}' -> '{}',,,,
21309,Info,FALSE,TRUE,0,,DllImport: '{}' 的 Func 签名无法映射为 FFI sig（含 Ptr 等类型时可用第 3 个实参手写 sig）!!,,,,
21310,Info,FALSE,TRUE,0,,"DllImport: inject '{}.{}' = FFI.StaticLibrary.bindFunction({}, {}, {})",,,,
21311,Info,FALSE,TRUE,0,,Error 表达式中返回定义类型为空,,,,
21312,Info,FALSE,TRUE,0,,Error 函数[{}] 声明了返回类型[{}]，但并非所有代码路径都有ret返回语句!,,,,
21313,Info,FALSE,TRUE,0,,已有该模板数量的类{} :{},,,,
21314,Info,FALSE,TRUE,0,,添加命名空间,,,,
21315,Info,FALSE,TRUE,0,,添加add metaclass metanode节点有问题! 有重复:,,,,
21316,Info,FALSE,TRUE,0,,Parent:{} Current:{} 添加 add metanode metanode节点有问题! 有重复,,,,
21317,Error,TRUE,FALSE,0,,define param compare error,,,,
21318,Info,FALSE,TRUE,0,,Error Params ???????????????????????????????????,,,,
21319,Info,FALSE,TRUE,0,,Error AddMetaDefineParam 参数前边已定义默认值，后边必须跟进默认值表达式!!,,,,
21320,Info,FALSE,TRUE,0,,??????,,,,
21321,Error,TRUE,FALSE,0,,Error 定义模式名称重复!!,,,,
21322,Info,FALSE,TRUE,0,,没有找到父级别自己模板生成时的数据!!,,,,
21323,Info,FALSE,TRUE,0,,没有找到父级别自己模板生成时的数据!!,,,,
21324,Info,FALSE,TRUE,0,,Error 没有找到合适的Template,,,,
21325,Info,FALSE,TRUE,0,,Error MetaDefineType RetMetaClass is Null MetaMemberVariable Only MetaClass A,,,,
21326,Info,FALSE,TRUE,0,,Error MetaDefineType RetMetaData is Null,,,,
21327,Info,FALSE,TRUE,0,,Error MetaDefineType RetMetaEnum is Null,,,,
21328,Info,FALSE,TRUE,0,,Error MetaDefineType RetMetaModule is Null,,,,
21329,Info,FALSE,TRUE,0,,Error MetaDefineType RetMetaClass is Null MetaMemberVariable Only MetaClass B,,,,
21330,Info,FALSE,TRUE,0,,Error MetaDefineType RetMetaClass is Null MetaMemberVariable Only MetaClass C,,,,
21331,Info,FALSE,TRUE,0,,注册生成类是空!,,,,
21332,Info,FALSE,TRUE,0,,meta type is m_MetaData is null,,,,
21333,Info,FALSE,TRUE,0,,meta type is m_MetaEnum is null,,,,
21334,Info,FALSE,TRUE,0,,meta type is m_MetaEnum is null,,,,
21335,Info,FALSE,TRUE,0,,meta type is m_MetaClass is null,,,,
21336,Info,FALSE,TRUE,0,,eMetaTypeType is null,,,,
21337,Info,FALSE,TRUE,0,,Error VisitMetaVariable访问变量访问位置不能同时为空!!,,,,
21338,Info,FALSE,TRUE,0,,Error VisitMetaVariable访问变量访问位置不能同时为空!!,,,,
21339,Info,FALSE,TRUE,0,,Error VisitMetaVariable访问变量访问位置不能同时为空!!,,,,
21340,Error,TRUE,FALSE,0,,ParseDefineMetaType not array and no _getItem_ support,,,,
21341,Error,TRUE,FALSE,0,,ParseDefineRealMetaType not array,,,,
21342,Info,FALSE,TRUE,0,,Error,,,,
21343,Info,FALSE,TRUE,0,,Error 严重错误，获取模式不传名称!!,,,,
21344,Info,FALSE,TRUE,0,,Module '{}' replaced by reference loading.,,,,
21345,Info,FALSE,TRUE,0,,Warning: value '{}' ({}) is out of range for target type '{}'.,,,,
21346,Info,FALSE,TRUE,0,,数组元素[,,,,
21347,Info,FALSE,TRUE,0,,数组元素[,,,,
21348,Info,FALSE,TRUE,0,,Route registered: '{}' -> {}.{},,,,
21349,Info,FALSE,TRUE,0,,Condition registered: '{}' for {}.{},,,,
21350,Info,FALSE,TRUE,0,,Error 返回的判断语句:,,,,
21351,Info,FALSE,TRUE,0,,Error -------------------------------------------1,,,,
21352,Info,FALSE,TRUE,0,,Error 返回的判断语句:,,,,
21353,Info,FALSE,TRUE,0,,Error -------------------------------------------2,,,,
21354,Info,FALSE,TRUE,0,,Error 不允许在语句中，出现static字段!,,,,
21355,Error,TRUE,FALSE,0,,right express it null!,,,,
21356,Error,TRUE,FALSE,0,,Error not support operator sign,,,,
21357,Info,FALSE,TRUE,0,,TryParseRightExpress express parse failed!,,,,
21358,Info,FALSE,TRUE,0,,TryParseRightExpress express parse failed!,,,,
21359,Error,TRUE,FALSE,0,,leftCallNodeList.Count == 0,,,,
21360,Info,FALSE,TRUE,0,,firstNode.ParseNode is failed,,,,
21361,Info,FALSE,TRUE,0,,GetOperatorMetaMemberFunctionByName _setItem_ is null,,,,
21362,Info,FALSE,TRUE,0,,GetOperatorMetaMemberFunctionByName _setItem_ need a=b is null,,,,
21363,Info,FALSE,TRUE,0,,bracket express parse failed!,,,,
21364,Info,FALSE,TRUE,0,,firstNode.ParseNode bracket express List need equal 1,,,,
21365,Info,FALSE,TRUE,0,,TryParseRightExpress express parse failed!,,,,
21366,Info,FALSE,TRUE,0,,bracket express parse failed!,,,,
21367,Info,FALSE,TRUE,0,,TryParseRightExpress express parse failed!,,,,
21368,Info,FALSE,TRUE,0,,TryParseRightExpress express parse failed!,,,,
21369,Info,FALSE,TRUE,0,,bracket express parse failed!,,,,
21370,Info,FALSE,TRUE,0,,MetaAssignStatement build call node List!,,,,
21371,Error,TRUE,FALSE,0,,Error 空条件运算符 ?. 不能用于赋值操作的左值（包括字段赋值和 setter 方法调用）!,,,,
21372,Error,TRUE,FALSE,0,,Error 当前左值声明为 const，不允许进行赋值或修改!!,,,,
21373,Info,FALSE,TRUE,0,,in,,,,
21374,Error,TRUE,FALSE,0,,Error right express is null!,,,,
21375,Info,FALSE,TRUE,0,,MetaAssignStatements,,,,
21376,Error,TRUE,FALSE,0,,left or right compare failed,,,,
21377,Info,FALSE,TRUE,0,,Error 终结语句 next/break/continue/return 互斥,,,,
21378,Info,FALSE,TRUE,0,,Error break 必须放到语句块的结尾,,,,
21379,Info,FALSE,TRUE,0,,Error continue 必须放到语句块的结尾,,,,
21380,Info,FALSE,TRUE,0,,Error return 必须放到语句块的结尾,,,,
21381,Info,FALSE,TRUE,0,,Error next 必须放到语句块的结尾,,,,
21382,Info,FALSE,TRUE,0,,,,,,
21383,Info,FALSE,TRUE,0,,Error break 只能出现在 for/while/dowhile 循环体内或 switch case 体内,,,,
21384,Info,FALSE,TRUE,0,,Error next 只能出现在 for/while/dowhile 循环体内或 switch case 体内,,,,
21385,Info,FALSE,TRUE,0,,Error continue 只能出现在 for/while/dowhile 循环体内,,,,
21386,Info,FALSE,TRUE,0,,Error 闭包嵌套定义暂不支持!! (变量:,,,,
21387,Info,FALSE,TRUE,0,,Error 闭包定义缺少名称!!,,,,
21388,Info,FALSE,TRUE,0,,Error 闭包只能在类的方法体内定义!!,,,,
21389,Info,FALSE,TRUE,0,,Error 闭包只能在类的方法体内定义!! (宿主函数缺失),,,,
21390,Info,FALSE,TRUE,0,,Error 闭包构造异常:,,,,
21391,Error,TRUE,FALSE,0,,名称{}与{} 有重复,,,,
21392,Error,TRUE,FALSE,0,,call node list is not count equal 1,,,,
21393,Error,TRUE,FALSE,0,,名称{}与{} 有重复,,,,
21394,Info,FALSE,TRUE,0,,Error 解析新建变量语句时，表达式解析为空!!__1,,,,
21395,Error,TRUE,FALSE,0,,Error 解析新建变量语句时，表达式返回类型为空!!__2,,,,
21396,Error,TRUE,FALSE,0,,Error DefineVarStatement表达式中返回定义类型为空,,,,
21397,Error,TRUE,FALSE,0,,left compare right,,,,
21398,Error,TRUE,FALSE,0,,left compare right,,,,
21399,Info,FALSE,TRUE,0,,Error switch 的源表达式解析失败!,,,,
21400,Error,TRUE,FALSE,0,,Error: throw 只能在声明了 throws 的函数中使用，当前函数未声明 throws:,,,,
21401,Error,TRUE,FALSE,0,,Error: throw 只能抛出 enum extends Error 类型的值，不能使用:,,,,
21402,Info,FALSE,TRUE,0,,Error for in express后边没有表达式!!,,,,
21403,Info,FALSE,TRUE,0,,Error For in 表达式，应该是个数组形式,,,,
21404,Info,FALSE,TRUE,0,,Error 在 for .. in 中，不允许从for 外边定义遍历变量!!,,,,
21405,Info,FALSE,TRUE,0,,Error 在 for .. in 中，不允许从for 外边定义遍历变量!!,,,,
21406,Info,FALSE,TRUE,0,,Error For x in X必须有!!,,,,
21407,Info,FALSE,TRUE,0,,Error 没有找到相应的变量!!,,,,
21408,Info,FALSE,TRUE,0,,Error while/dowhile 缺少条件表达式,,,,
21409,Info,FALSE,TRUE,0,,metaClass.AddInstanceMetaClass MetaClass is Null,,,,
21410,Info,FALSE,TRUE,0,,in MetaGenTemplate notfind MetaClass is Null,,,,
21411,Info,FALSE,TRUE,0,,in MetaGenTemplate notfind MetaClass is Null,,,,
21412,Info,FALSE,TRUE,0,,没有找到模板中定义的模板内容![,,,,
21413,Info,FALSE,TRUE,0,,没有找到模板类中，对应的模板，名称为{}请仔细检查模板的命名与使用模板命名是否对应,,,,
21414,Info,FALSE,TRUE,0,,data 类型不支持模板实参,,,,
21415,Info,FALSE,TRUE,0,,enum 类型不支持模板实参,,,,
21416,Info,FALSE,TRUE,0,,没有找到模板参数{} 的相关类型!,,,,
21417,Info,FALSE,TRUE,0,,没有发现{}找到的类!,,,,
21418,Info,FALSE,TRUE,0,,没有找到模板类中，对应的模板，请仔细检查模板的命名与使用模板命名是否对应,,,,
21419,Info,FALSE,TRUE,0,,使用模板类中使用.连接符号，模板中不允许使用.,,,,
21420,Info,FALSE,TRUE,0,,没有找到{} 的相关类!,,,,
21421,Info,FALSE,TRUE,0,,Error Func<> 的返回类型解析失败:,,,,
21422,Info,FALSE,TRUE,0,,Error Func<> 的第,,,,
21423,Info,FALSE,TRUE,0,,"Error Func<> 的参数类型不允许为 void, 仅返回类型可以使用 void!",,,,
21424,Info,FALSE,TRUE,0,,data 类型不支持模板实参,,,,
21425,Info,FALSE,TRUE,0,,enum 类型不支持模板实参,,,,
21426,Info,FALSE,TRUE,0,,data 类型不支持模板实参,,,,
21427,Info,FALSE,TRUE,0,,enum 类型不支持模板实参,,,,
21428,Info,FALSE,TRUE,0,,没有找到相对应的模板类!!,,,,
21429,Info,FALSE,TRUE,0,,----fmtd.nameList.count > 1,,,,
21430,Error,TRUE,FALSE,0,,不是同一个enum,,,,
21431,Error,TRUE,FALSE,0,,不是同一个enum,,,,
21432,Error,TRUE,FALSE,0,,is not enum member,,,,
21433,Error,TRUE,FALSE,0,,不是同一个enum,,,,
21434,Error,TRUE,FALSE,0,,不是同一个enum,,,,
21435,Info,FALSE,TRUE,0,,is not enum member,,,,
21436,Error,TRUE,FALSE,0,,不是同一个enum,,,,
21437,Info,FALSE,TRUE,0,,模板参数[,,,,
21438,Info,FALSE,TRUE,0,,Result 赋值类型不匹配：不允许将非泛型 Result 赋给 Result<T>（反向协变不合法）。,,,,
21439,Info,FALSE,TRUE,0,,data 声明类型与右侧表达式类型不匹配：右值非 data 类型。,,,,
21440,Info,FALSE,TRUE,0,,data 声明类型与右侧表达式类型不匹配：右值非 data 类型。,,,,
21441,Info,FALSE,TRUE,0,,data 声明类型与右侧表达式类型不匹配：右值非 data 类型。,,,,
21442,Info,FALSE,TRUE,0,,数组元素强制转换失败（可能溢出或类型不匹配）: 目标类型,,,,
22000,Error,TRUE,FALSE,0,,closure call node is null,,,,
22001,Error,TRUE,FALSE,0,,New-in-call-link: IRMetaClass not found for {},,,,
22002,Error,TRUE,FALSE,0,,New-in-call-link: constructor not found for {},,,,
22003,Info,FALSE,TRUE,0,,GetIRMethodByIndex is null,,,,
22004,Error,TRUE,FALSE,0,,cv is null,,,,
22005,Error,TRUE,FALSE,0,,ir runtime[{}] method not found!! func: {},,,,
22006,Error,TRUE,FALSE,0,,aaaa,,,,
22007,Error,TRUE,FALSE,0,,operator method not found!! func:,,,,
22008,Error,TRUE,FALSE,0,,not have sign,,,,
22009,Error,TRUE,FALSE,0,,notfound express,,,,
22010,Error,TRUE,FALSE,0,,notfound owner mc !,,,,
22011,Error,TRUE,FALSE,0,,notfound owner mc !,,,,
22012,Error,TRUE,FALSE,0,,notfound owner mc !,,,,
22013,Info,FALSE,TRUE,0,,set accessor method not found in ir class:,,,,
22014,Info,FALSE,TRUE,0,,Start translating IR...,,,,
22015,Info,FALSE,TRUE,0,,End translating IR...,,,,
22016,Info,FALSE,TRUE,0,,Start exporting IR debug data...,,,,
22017,Info,FALSE,TRUE,0,,End exporting IR debug data...,,,,
22018,Info,FALSE,TRUE,0,,Start translating IRMetaClass...,,,,
22019,Info,FALSE,TRUE,0,,End translating IRMetaClass...,,,,
22020,Error,TRUE,FALSE,0,,result prologue: not found Result IRMetaClass!,,,,
22021,Info,FALSE,TRUE,0,,AssignStatement 没有可生成的表达式,,,,
22022,Info,FALSE,TRUE,0,,IRAssignStatement visit variable is Static,,,,
22023,Info,FALSE,TRUE,0,,IRAssignStatement visit variable is Static2,,,,
22024,Error,TRUE,FALSE,0,,closure host function missing __closure_ctx__,,,,
22025,Error,TRUE,FALSE,0,,closure context local variable not found: __closure_ctx__,,,,
22026,Error,TRUE,FALSE,0,,closure function is null,,,,
22027,Error,TRUE,FALSE,0,,closure IRMethod not found:,,,,
22028,Error,TRUE,FALSE,0,,result value return: not found value field!,,,,
22029,Info,FALSE,TRUE,0,,Error 未支持表达式中的IR代码,,,,
22030,Info,FALSE,TRUE,0,,没有找到对应成员变量的Index,,,,
22031,Info,FALSE,TRUE,0,,没有找到对应成员变量的Index,,,,
22032,Error,TRUE,FALSE,0,,SVM Error 没有找到加载变量的来源类型！,,,,
22033,Info,FALSE,TRUE,0,,SVM Error 没有找到加载变量的来源类型！,,,,
22100,Info,FALSE,TRUE,0,,"AOT: build dll failed, fallback to CVM:",,,,
22101,Info,FALSE,TRUE,0,,"AOT: build dll failed, fallback to CVM:",,,,
22102,Info,FALSE,TRUE,0,,AOT: skip '{}' (stage1 supports static non-template only),,,,
22103,Info,FALSE,TRUE,0,,AOT: {} candidate(s) collected from module '{}',,,,
22104,Info,FALSE,TRUE,0,,AOT: candidate '{}',,,,
22105,Info,FALSE,TRUE,0,,AOT: export {} success: {},,,,
22106,Info,FALSE,TRUE,0,,AOT: method emit failed: {} ({}),,,,
22107,Info,FALSE,TRUE,0,,AOT: build dll success:,,,,
22108,Info,FALSE,TRUE,0,,"AOT: build dll failed, fallback to CVM:",,,,
22109,Info,FALSE,TRUE,0,,AOT: dll build disabled (export.aot.buildDll=false),,,,
22110,Info,FALSE,TRUE,0,,export module success:,,,,
22111,Info,FALSE,TRUE,0,,"vmDll: MSBuild.exe not found, skip vmDlls build:",,,,
22112,Info,FALSE,TRUE,0,,"vmDll: build project:",,,,
22113,Info,FALSE,TRUE,0,,"vmDll: build failed, skip copy:",,,,
22114,Info,FALSE,TRUE,0,,vmDll: build success:,,,,
